Workbook

Sheet Summary
A2: Paper: | B2: ISTQB
A4: Human turns | B4: 132 | D4: Writing logs: 114 turns. Peer-review revision: 18 turns.
A5: No substantive next AI reply | B5: 1 | D5: Counts describe visible behavior; category totals can overlap.
A7: Interaction type | B7: Primary count | C7: Any occurrence | D7: Share of prompts | F7: Agency mode | G7: Turns | H7: Share | J7: Expertise evidence | K7: Turns | L7: Share
A8: Delegation | B8: =COUNTIFS(Coding!$E$2:$E$133,A8) -> 7 | C8: =SUM(Coding!P2:P133) -> 7 | D8: =C8/$B$4 -> 0.053030303 | F8: Delegative | G8: =COUNTIFS(Coding!$G$2:$G$133,F8) -> 7 | H8: =G8/$B$4 -> 0.053030303 | J8: domain correction | K8: =SUM(Coding!Y2:Y133) -> 4 | L8: =K8/$B$4 -> 0.03030303
A9: Directed delegation | B9: =COUNTIFS(Coding!$E$2:$E$133,A9) -> 42 | C9: =SUM(Coding!Q2:Q133) -> 80 | D9: =C9/$B$4 -> 0.60606061 | F9: Directive | G9: =COUNTIFS(Coding!$G$2:$G$133,F9) -> 90 | H9: =G9/$B$4 -> 0.68181818 | J9: conceptual discrimination | K9: =SUM(Coding!Z2:Z133) -> 15 | L9: =K9/$B$4 -> 0.11363636
A10: Evaluation | B10: =COUNTIFS(Coding!$E$2:$E$133,A10) -> 6 | C10: =SUM(Coding!R2:R133) -> 16 | D10: =C10/$B$4 -> 0.12121212 | F10: Evaluative | G10: =COUNTIFS(Coding!$G$2:$G$133,F10) -> 5 | H10: =G10/$B$4 -> 0.037878788 | J10: evidence judgment | K10: =SUM(Coding!AA2:AA133) -> 23 | L10: =K10/$B$4 -> 0.17424242
A11: Correction/Challenge | B11: =COUNTIFS(Coding!$E$2:$E$133,A11) -> 20 | C11: =SUM(Coding!S2:S133) -> 23 | D11: =C11/$B$4 -> 0.17424242 | F11: Critical | G11: =COUNTIFS(Coding!$G$2:$G$133,F11) -> 21 | H11: =G11/$B$4 -> 0.15909091 | J11: methodological judgment | K11: =SUM(Coding!AB2:AB133) -> 39 | L11: =K11/$B$4 -> 0.29545455
A12: Redirection | B12: =COUNTIFS(Coding!$E$2:$E$133,A12) -> 5 | C12: =SUM(Coding!T2:T133) -> 23 | D12: =C12/$B$4 -> 0.17424242 | F12: Deliberative | G12: =COUNTIFS(Coding!$G$2:$G$133,F12) -> 9 | H12: =G12/$B$4 -> 0.068181818 | J12: argumentative judgment | K12: =SUM(Coding!AC2:AC133) -> 33 | L12: =K12/$B$4 -> 0.25
A13: Knowledge injection | B13: =COUNTIFS(Coding!$E$2:$E$133,A13) -> 12 | C13: =SUM(Coding!U2:U133) -> 46 | D13: =C13/$B$4 -> 0.34848485 | J13: genre/writing expertise | K13: =SUM(Coding!AD2:AD133) -> 49 | L13: =K13/$B$4 -> 0.37121212
A14: Selection/Rejection | B14: =COUNTIFS(Coding!$E$2:$E$133,A14) -> 32 | C14: =SUM(Coding!V2:V133) -> 40 | D14: =C14/$B$4 -> 0.3030303 | J14: none | K14: =SUM(Coding!AE2:AE133) -> 40 | L14: =K14/$B$4 -> 0.3030303
A15: Deliberation | B15: =COUNTIFS(Coding!$E$2:$E$133,A15) -> 8 | C15: =SUM(Coding!W2:W133) -> 9 | D15: =C15/$B$4 -> 0.068181818
A18: Source / phase | B18: First turn | C18: Last turn | D18: Turns | E18: Delegative | F18: Directive | G18: Evaluative | H18: Critical | I18: Deliberative
A19: Writing log 1 | B19: 1 | C19: 65 | D19: =COUNTIFS(Coding!$C$2:$C$133,A19) -> 65 | E19: =COUNTIFS(Coding!$C$2:$C$133,$A19,Coding!$G$2:$G$133,"Delegative") -> 4 | F19: =COUNTIFS(Coding!$C$2:$C$133,$A19,Coding!$G$2:$G$133,"Directive") -> 43 | G19: =COUNTIFS(Coding!$C$2:$C$133,$A19,Coding!$G$2:$G$133,"Evaluative") -> 4 | H19: =COUNTIFS(Coding!$C$2:$C$133,$A19,Coding!$G$2:$G$133,"Critical") -> 8 | I19: =COUNTIFS(Coding!$C$2:$C$133,$A19,Coding!$G$2:$G$133,"Deliberative") -> 6
A20: Writing log 2 | B20: 66 | C20: 114 | D20: =COUNTIFS(Coding!$C$2:$C$133,A20) -> 49 | E20: =COUNTIFS(Coding!$C$2:$C$133,$A20,Coding!$G$2:$G$133,"Delegative") -> 2 | F20: =COUNTIFS(Coding!$C$2:$C$133,$A20,Coding!$G$2:$G$133,"Directive") -> 35 | G20: =COUNTIFS(Coding!$C$2:$C$133,$A20,Coding!$G$2:$G$133,"Evaluative") -> 1 | H20: =COUNTIFS(Coding!$C$2:$C$133,$A20,Coding!$G$2:$G$133,"Critical") -> 9 | I20: =COUNTIFS(Coding!$C$2:$C$133,$A20,Coding!$G$2:$G$133,"Deliberative") -> 2
A21: Peer-review revision | B21: 115 | C21: 132 | D21: =COUNTIFS(Coding!$C$2:$C$133,A21) -> 18 | E21: =COUNTIFS(Coding!$C$2:$C$133,$A21,Coding!$G$2:$G$133,"Delegative") -> 1 | F21: =COUNTIFS(Coding!$C$2:$C$133,$A21,Coding!$G$2:$G$133,"Directive") -> 12 | G21: =COUNTIFS(Coding!$C$2:$C$133,$A21,Coding!$G$2:$G$133,"Evaluative") -> 0 | H21: =COUNTIFS(Coding!$C$2:$C$133,$A21,Coding!$G$2:$G$133,"Critical") -> 4 | I21: =COUNTIFS(Coding!$C$2:$C$133,$A21,Coding!$G$2:$G$133,"Deliberative") -> 1
A25: Source / phase | B25: Expertise observed | C25: None observed | D25: Share with evidence
A26: Writing log 1 | B26: =D19-C26 -> 50 | C26: =SUMIFS(Coding!$AE$2:$AE$133,Coding!$C$2:$C$133,A26) -> 15 | D26: =B26/D19 -> 0.76923077
A27: Writing log 2 | B27: =D20-C27 -> 28 | C27: =SUMIFS(Coding!$AE$2:$AE$133,Coding!$C$2:$C$133,A27) -> 21 | D27: =B27/D20 -> 0.57142857
A28: Peer-review revision | B28: =D21-C28 -> 14 | C28: =SUMIFS(Coding!$AE$2:$AE$133,Coding!$C$2:$C$133,A28) -> 4 | D28: =B28/D21 -> 0.77777778
A31: Key patterns and limits
A32: Directive agency: 90/132 (68.2%). Critical: 21 (15.9%). Deliberative: 9 (6.8%). Delegative: 7 (5.3%). Evaluative: 5 (3.8%).
A33: Constrained execution is frequent: Directed delegation appears in 80 turns (60.6%). Selection/Rejection appears in 40 (30.3%), including brief approvals.
A34: Positive expertise evidence appears in 92 turns (69.7%). Genre/writing: 49; methodological: 39; argumentative: 33; evidence judgment: 23.
A35: Early framing develops through scope decisions: Value/Use/Critique becomes Value/Critique (12–19), then ISTQB’s technical and pedagogical role is added (27–31).
A36: Conceptual scrutiny qualifies STBoK and prior knowledge (49–53), de-facto standard (96), and overlapping criticism themes (102/107).
A37: Evidence control intensifies in writing log 2: pool reconciliation and reported URL checks (76–79), paragraph-level traceability (85–91), and source attribution challenges (104–105).
A38: Revision remains actively directed: 12/18 Directive, 4/18 Critical. The researcher corrects the grey-literature argument and distinguishes manuscript from response-letter prose (122–128).
A39: Researcher judgment must be separated from reviewer input. Supplying a reviewer’s construct-validity critique (131) does not itself demonstrate the researcher originated that critique.
A40: Unverified AI completion claims recur: simulated search (63), filtering explanation (76), thematic convergence (121), and prior expert definitions (131). Outcomes record what AI says.
A41: One missing AI reply (78); an embedded block of prior prompts (79); an ambiguous setup cue (115). All remain in sequence, with row-level cautions.
A42: Single first-pass coding. Counts are category presence, not intensity or competence. Paper 1’s incomplete record limits cross-paper comparisons.

Sheet Coding
A1: Turn ID | B1: Sequence | C1: Phase | D1: Prompt excerpt | E1: Primary interaction type | F1: Additional interaction types | G1: Agency mode | H1: Expertise evidence | I1: Coding rationale | J1: Observed outcome / notes | K1: Prompt provenance | L1: Response provenance | M1: Attachment / contextual material | N1: Response availability | O1: Coding caution | P1: Open Delegation | Q1: Directed delegation | R1: Evaluation | S1: Correction/Challenge | T1: Redirection | U1: Knowledge injection | V1: Acceptance/ Rejection | W1: Deliberation | X1: Expertise | Y1: Subject-matter correction | Z1: Conceptual differentiation | AA1: Evidence judgment | AB1: Methodological judgment | AC1: Argumentative judgment | AD1: Genre/ writing expertise | AE1: none
A2: P7-W1-001 | B2: 1 | C2: Writing log 1 | D2: ISTQB has 22+ Certifications (https://istqb.org/certifications/). each come with a comprehensive Syllabus PDF file (I attach three of them). suggest interesting "exploratory" / insightful paper topic on these Syllabuses | E2: Directed delegation | F2: Knowledge injection | G2: Directive | H2: none | I2: Specifies syllabus-based exploratory topic generation and supplies materials; no explicit analytical judgment yet. | J2: AI proposes seven syllabus-based topics. | K2: W1 p1 L4-p1 L5 | L2: W1 p1 L7-p1 L30 | M2: Referenced attachment/material; attachment contents are not separate human turns. | N2: Visible next AI response | O2: Syllabus attachment contents are not separately present in the log export. Attachment provision alone is not evidence of expertise. | P2: =IF(OR(E2="Delegation",ISNUMBER(SEARCH("; Delegation; ","; "&F2&"; "))),1,0) -> 0 | Q2: =IF(OR(E2="Directed delegation",ISNUMBER(SEARCH("; Directed delegation; ","; "&F2&"; "))),1,0) -> 1 | R2: =IF(OR(E2="Evaluation",ISNUMBER(SEARCH("; Evaluation; ","; "&F2&"; "))),1,0) -> 0 | S2: =IF(OR(E2="Correction/Challenge",ISNUMBER(SEARCH("; Correction/Challenge; ","; "&F2&"; "))),1,0) -> 0 | T2: =IF(OR(E2="Redirection",ISNUMBER(SEARCH("; Redirection; ","; "&F2&"; "))),1,0) -> 0 | U2: =IF(OR(E2="Knowledge injection",ISNUMBER(SEARCH("; Knowledge injection; ","; "&F2&"; "))),1,0) -> 1 | V2: =IF(OR(E2="Selection/Rejection",ISNUMBER(SEARCH("; Selection/Rejection; ","; "&F2&"; "))),1,0) -> 0 | W2: =IF(OR(E2="Deliberation",ISNUMBER(SEARCH("; Deliberation; ","; "&F2&"; "))),1,0) -> 0 | X2: =SUM(Paper7Coding[[#This Row],[Subject-matter correction]:[Genre/ writing expertise]]) -> 0 | Y2: =IF(ISNUMBER(SEARCH("; domain correction; ","; "&H2&"; ")),1,0) -> 0 | Z2: =IF(ISNUMBER(SEARCH("; conceptual discrimination; ","; "&H2&"; ")),1,0) -> 0 | AA2: =IF(ISNUMBER(SEARCH("; evidence judgment; ","; "&H2&"; ")),1,0) -> 0 | AB2: =IF(ISNUMBER(SEARCH("; methodological judgment; ","; "&H2&"; ")),1,0) -> 0 | AC2: =IF(ISNUMBER(SEARCH("; argumentative judgment; ","; "&H2&"; ")),1,0) -> 0 | AD2: =IF(ISNUMBER(SEARCH("; genre/writing expertise; ","; "&H2&"; ")),1,0) -> 0 | AE2: =IF(ISNUMBER(SEARCH("; none; ","; "&H2&"; ")),1,0) -> 1
A3: P7-W1-002 | B3: 2 | C3: Writing log 1 | D3: I did not like those topic. they do not seem to be useful | E3: Correction/Challenge | F3: Selection/Rejection | G3: Critical | H3: argumentative judgment | I3: Rejects the proposed topics using their perceived usefulness as the criterion. | J3: AI proposes more pragmatic topics. | K3: W1 p1 L32-p1 L32 | L3: W1 p1 L34-p2 L12 | N3: Visible next AI response | P3: =IF(OR(E3="Delegation",ISNUMBER(SEARCH("; Delegation; ","; "&F3&"; "))),1,0) -> 0 | Q3: =IF(OR(E3="Directed delegation",ISNUMBER(SEARCH("; Directed delegation; ","; "&F3&"; "))),1,0) -> 0 | R3: =IF(OR(E3="Evaluation",ISNUMBER(SEARCH("; Evaluation; ","; "&F3&"; "))),1,0) -> 0 | S3: =IF(OR(E3="Correction/Challenge",ISNUMBER(SEARCH("; Correction/Challenge; ","; "&F3&"; "))),1,0) -> 1 | T3: =IF(OR(E3="Redirection",ISNUMBER(SEARCH("; Redirection; ","; "&F3&"; "))),1,0) -> 0 | U3: =IF(OR(E3="Knowledge injection",ISNUMBER(SEARCH("; Knowledge injection; ","; "&F3&"; "))),1,0) -> 0 | V3: =IF(OR(E3="Selection/Rejection",ISNUMBER(SEARCH("; Selection/Rejection; ","; "&F3&"; "))),1,0) -> 1 | W3: =IF(OR(E3="Deliberation",ISNUMBER(SEARCH("; Deliberation; ","; "&F3&"; "))),1,0) -> 0 | X3: =SUM(Paper7Coding[[#This Row],[Subject-matter correction]:[Genre/ writing expertise]]) -> 1 | Y3: =IF(ISNUMBER(SEARCH("; domain correction; ","; "&H3&"; ")),1,0) -> 0 | Z3: =IF(ISNUMBER(SEARCH("; conceptual discrimination; ","; "&H3&"; ")),1,0) -> 0 | AA3: =IF(ISNUMBER(SEARCH("; evidence judgment; ","; "&H3&"; ")),1,0) -> 0 | AB3: =IF(ISNUMBER(SEARCH("; methodological judgment; ","; "&H3&"; ")),1,0) -> 0 | AC3: =IF(ISNUMBER(SEARCH("; argumentative judgment; ","; "&H3&"; ")),1,0) -> 1 | AD3: =IF(ISNUMBER(SEARCH("; genre/writing expertise; ","; "&H3&"; ")),1,0) -> 0 | AE3: =IF(ISNUMBER(SEARCH("; none; ","; "&H3&"; ")),1,0) -> 0
A4: P7-W1-003 | B4: 3 | C4: Writing log 1 | D4: let's change gears. what about a paper which reviews all benefits / criticism of the ISTQB Certifications, by sntheszing knowledge from the grey literature (online sources) | E4: Redirection | F4: Directed delegation; Knowledge injection | G4: Directive | H4: methodological judgment; argumentative judgment | I4: Reframes the project as synthesis of certification benefits and criticisms from grey literature. | J4: AI develops a grey-literature review framing and outline. | K4: W1 p2 L14-p2 L15 | L4: W1 p2 L17-p2 L37 | N4: Visible next AI response | P4: =IF(OR(E4="Delegation",ISNUMBER(SEARCH("; Delegation; ","; "&F4&"; "))),1,0) -> 0 | Q4: =IF(OR(E4="Directed delegation",ISNUMBER(SEARCH("; Directed delegation; ","; "&F4&"; "))),1,0) -> 1 | R4: =IF(OR(E4="Evaluation",ISNUMBER(SEARCH("; Evaluation; ","; "&F4&"; "))),1,0) -> 0 | S4: =IF(OR(E4="Correction/Challenge",ISNUMBER(SEARCH("; Correction/Challenge; ","; "&F4&"; "))),1,0) -> 0 | T4: =IF(OR(E4="Redirection",ISNUMBER(SEARCH("; Redirection; ","; "&F4&"; "))),1,0) -> 1 | U4: =IF(OR(E4="Knowledge injection",ISNUMBER(SEARCH("; Knowledge injection; ","; "&F4&"; "))),1,0) -> 1 | V4: =IF(OR(E4="Selection/Rejection",ISNUMBER(SEARCH("; Selection/Rejection; ","; "&F4&"; "))),1,0) -> 0 | W4: =IF(OR(E4="Deliberation",ISNUMBER(SEARCH("; Deliberation; ","; "&F4&"; "))),1,0) -> 0 | X4: =SUM(Paper7Coding[[#This Row],[Subject-matter correction]:[Genre/ writing expertise]]) -> 2 | Y4: =IF(ISNUMBER(SEARCH("; domain correction; ","; "&H4&"; ")),1,0) -> 0 | Z4: =IF(ISNUMBER(SEARCH("; conceptual discrimination; ","; "&H4&"; ")),1,0) -> 0 | AA4: =IF(ISNUMBER(SEARCH("; evidence judgment; ","; "&H4&"; ")),1,0) -> 0 | AB4: =IF(ISNUMBER(SEARCH("; methodological judgment; ","; "&H4&"; ")),1,0) -> 1 | AC4: =IF(ISNUMBER(SEARCH("; argumentative judgment; ","; "&H4&"; ")),1,0) -> 1 | AD4: =IF(ISNUMBER(SEARCH("; genre/writing expertise; ","; "&H4&"; ")),1,0) -> 0 | AE4: =IF(ISNUMBER(SEARCH("; none; ","; "&H4&"; ")),1,0) -> 0
A5: P7-W1-004 | B5: 4 | C5: Writing log 1 | D5: by doing deep research, can you identify all grey sources talking about Criticisms, and synthesize / cateogrize them? | E5: Directed delegation | G5: Directive | H5: methodological judgment | I5: Requests research and categorization focused on criticisms, defining the review task. | J5: AI asks for scope clarification before research. | K5: W1 p2 L39-p2 L40 | L5: W1 p2 L42-p3 L2 | N5: Visible next AI response | P5: =IF(OR(E5="Delegation",ISNUMBER(SEARCH("; Delegation; ","; "&F5&"; "))),1,0) -> 0 | Q5: =IF(OR(E5="Directed delegation",ISNUMBER(SEARCH("; Directed delegation; ","; "&F5&"; "))),1,0) -> 1 | R5: =IF(OR(E5="Evaluation",ISNUMBER(SEARCH("; Evaluation; ","; "&F5&"; "))),1,0) -> 0 | S5: =IF(OR(E5="Correction/Challenge",ISNUMBER(SEARCH("; Correction/Challenge; ","; "&F5&"; "))),1,0) -> 0 | T5: =IF(OR(E5="Redirection",ISNUMBER(SEARCH("; Redirection; ","; "&F5&"; "))),1,0) -> 0 | U5: =IF(OR(E5="Knowledge injection",ISNUMBER(SEARCH("; Knowledge injection; ","; "&F5&"; "))),1,0) -> 0 | V5: =IF(OR(E5="Selection/Rejection",ISNUMBER(SEARCH("; Selection/Rejection; ","; "&F5&"; "))),1,0) -> 0 | W5: =IF(OR(E5="Deliberation",ISNUMBER(SEARCH("; Deliberation; ","; "&F5&"; "))),1,0) -> 0 | X5: =SUM(Paper7Coding[[#This Row],[Subject-matter correction]:[Genre/ writing expertise]]) -> 1 | Y5: =IF(ISNUMBER(SEARCH("; domain correction; ","; "&H5&"; ")),1,0) -> 0 | Z5: =IF(ISNUMBER(SEARCH("; conceptual discrimination; ","; "&H5&"; ")),1,0) -> 0 | AA5: =IF(ISNUMBER(SEARCH("; evidence judgment; ","; "&H5&"; ")),1,0) -> 0 | AB5: =IF(ISNUMBER(SEARCH("; methodological judgment; ","; "&H5&"; ")),1,0) -> 1 | AC5: =IF(ISNUMBER(SEARCH("; argumentative judgment; ","; "&H5&"; ")),1,0) -> 0 | AD5: =IF(ISNUMBER(SEARCH("; genre/writing expertise; ","; "&H5&"; ")),1,0) -> 0 | AE5: =IF(ISNUMBER(SEARCH("; none; ","; "&H5&"; ")),1,0) -> 0
A6: P7-W1-005 | B6: 5 | C6: Writing log 1 | D6: RE: Should I focus on criticisms of all ISTQB certifications (e.g., Foundation, Advanced, Specialist), or just the Foundation Level? all. in your results, also give the criticisms per levels (e.g., Foundation, Advanced, Specialist) RE:Do you want a global perspective, or focus on specific regions… | E6: Directed delegation | F6: Selection/Rejection | G6: Directive | H6: methodological judgment | I6: Defines coverage across levels, regions and stakeholder roles and requests separate reporting. | J6: AI supplies a categorized criticism overview after announcing research. | K6: W1 p3 L4-p3 L12 | L6: W1 p3 L14-p10 L13 | N6: Visible next AI response | P6: =IF(OR(E6="Delegation",ISNUMBER(SEARCH("; Delegation; ","; "&F6&"; "))),1,0) -> 0 | Q6: =IF(OR(E6="Directed delegation",ISNUMBER(SEARCH("; Directed delegation; ","; "&F6&"; "))),1,0) -> 1 | R6: =IF(OR(E6="Evaluation",ISNUMBER(SEARCH("; Evaluation; ","; "&F6&"; "))),1,0) -> 0 | S6: =IF(OR(E6="Correction/Challenge",ISNUMBER(SEARCH("; Correction/Challenge; ","; "&F6&"; "))),1,0) -> 0 | T6: =IF(OR(E6="Redirection",ISNUMBER(SEARCH("; Redirection; ","; "&F6&"; "))),1,0) -> 0 | U6: =IF(OR(E6="Knowledge injection",ISNUMBER(SEARCH("; Knowledge injection; ","; "&F6&"; "))),1,0) -> 0 | V6: =IF(OR(E6="Selection/Rejection",ISNUMBER(SEARCH("; Selection/Rejection; ","; "&F6&"; "))),1,0) -> 1 | W6: =IF(OR(E6="Deliberation",ISNUMBER(SEARCH("; Deliberation; ","; "&F6&"; "))),1,0) -> 0 | X6: =SUM(Paper7Coding[[#This Row],[Subject-matter correction]:[Genre/ writing expertise]]) -> 1 | Y6: =IF(ISNUMBER(SEARCH("; domain correction; ","; "&H6&"; ")),1,0) -> 0 | Z6: =IF(ISNUMBER(SEARCH("; conceptual discrimination; ","; "&H6&"; ")),1,0) -> 0 | AA6: =IF(ISNUMBER(SEARCH("; evidence judgment; ","; "&H6&"; ")),1,0) -> 0 | AB6: =IF(ISNUMBER(SEARCH("; methodological judgment; ","; "&H6&"; ")),1,0) -> 1 | AC6: =IF(ISNUMBER(SEARCH("; argumentative judgment; ","; "&H6&"; ")),1,0) -> 0 | AD6: =IF(ISNUMBER(SEARCH("; genre/writing expertise; ","; "&H6&"; ")),1,0) -> 0 | AE6: =IF(ISNUMBER(SEARCH("; none; ","; "&H6&"; ")),1,0) -> 0
A7: P7-W1-006 | B7: 6 | C7: Writing log 1 | D7: good stuff. keep these in mind to include them in the paper, that we will write;. do not forget them ! | E7: Selection/Rejection | F7: Directed delegation | G7: Directive | H7: none | I7: Approves the findings and asks AI to retain them; no substantive assessment criteria are given. | J7: AI acknowledges a request to remember findings. | K7: W1 p10 L15-p10 L15 | L7: W1 p10 L17-p10 L18 | N7: Visible next AI response | P7: =IF(OR(E7="Delegation",ISNUMBER(SEARCH("; Delegation; ","; "&F7&"; "))),1,0) -> 0 | Q7: =IF(OR(E7="Directed delegation",ISNUMBER(SEARCH("; Directed delegation; ","; "&F7&"; "))),1,0) -> 1 | R7: =IF(OR(E7="Evaluation",ISNUMBER(SEARCH("; Evaluation; ","; "&F7&"; "))),1,0) -> 0 | S7: =IF(OR(E7="Correction/Challenge",ISNUMBER(SEARCH("; Correction/Challenge; ","; "&F7&"; "))),1,0) -> 0 | T7: =IF(OR(E7="Redirection",ISNUMBER(SEARCH("; Redirection; ","; "&F7&"; "))),1,0) -> 0 | U7: =IF(OR(E7="Knowledge injection",ISNUMBER(SEARCH("; Knowledge injection; ","; "&F7&"; "))),1,0) -> 0 | V7: =IF(OR(E7="Selection/Rejection",ISNUMBER(SEARCH("; Selection/Rejection; ","; "&F7&"; "))),1,0) -> 1 | W7: =IF(OR(E7="Deliberation",ISNUMBER(SEARCH("; Deliberation; ","; "&F7&"; "))),1,0) -> 0 | X7: =SUM(Paper7Coding[[#This Row],[Subject-matter correction]:[Genre/ writing expertise]]) -> 0 | Y7: =IF(ISNUMBER(SEARCH("; domain correction; ","; "&H7&"; ")),1,0) -> 0 | Z7: =IF(ISNUMBER(SEARCH("; conceptual discrimination; ","; "&H7&"; ")),1,0) -> 0 | AA7: =IF(ISNUMBER(SEARCH("; evidence judgment; ","; "&H7&"; ")),1,0) -> 0 | AB7: =IF(ISNUMBER(SEARCH("; methodological judgment; ","; "&H7&"; ")),1,0) -> 0 | AC7: =IF(ISNUMBER(SEARCH("; argumentative judgment; ","; "&H7&"; ")),1,0) -> 0 | AD7: =IF(ISNUMBER(SEARCH("; genre/writing expertise; ","; "&H7&"; ")),1,0) -> 0 | AE7: =IF(ISNUMBER(SEARCH("; none; ","; "&H7&"; ")),1,0) -> 1
A8: P7-W1-007 | B8: 7 | C8: Writing log 1 | D8: suggest a few other paper title alternatives | E8: Delegation | G8: Delegative | H8: none | I8: Requests title alternatives with little new specification. | J8: AI offers title alternatives. | K8: W1 p10 L20-p10 L20 | L8: W1 p10 L22-p11 L2 | N8: Visible next AI response | P8: =IF(OR(E8="Delegation",ISNUMBER(SEARCH("; Delegation; ","; "&F8&"; "))),1,0) -> 1 | Q8: =IF(OR(E8="Directed delegation",ISNUMBER(SEARCH("; Directed delegation; ","; "&F8&"; "))),1,0) -> 0 | R8: =IF(OR(E8="Evaluation",ISNUMBER(SEARCH("; Evaluation; ","; "&F8&"; "))),1,0) -> 0 | S8: =IF(OR(E8="Correction/Challenge",ISNUMBER(SEARCH("; Correction/Challenge; ","; "&F8&"; "))),1,0) -> 0 | T8: =IF(OR(E8="Redirection",ISNUMBER(SEARCH("; Redirection; ","; "&F8&"; "))),1,0) -> 0 | U8: =IF(OR(E8="Knowledge injection",ISNUMBER(SEARCH("; Knowledge injection; ","; "&F8&"; "))),1,0) -> 0 | V8: =IF(OR(E8="Selection/Rejection",ISNUMBER(SEARCH("; Selection/Rejection; ","; "&F8&"; "))),1,0) -> 0 | W8: =IF(OR(E8="Deliberation",ISNUMBER(SEARCH("; Deliberation; ","; "&F8&"; "))),1,0) -> 0 | X8: =SUM(Paper7Coding[[#This Row],[Subject-matter correction]:[Genre/ writing expertise]]) -> 0 | Y8: =IF(ISNUMBER(SEARCH("; domain correction; ","; "&H8&"; ")),1,0) -> 0 | Z8: =IF(ISNUMBER(SEARCH("; conceptual discrimination; ","; "&H8&"; ")),1,0) -> 0 | AA8: =IF(ISNUMBER(SEARCH("; evidence judgment; ","; "&H8&"; ")),1,0) -> 0 | AB8: =IF(ISNUMBER(SEARCH("; methodological judgment; ","; "&H8&"; ")),1,0) -> 0 | AC8: =IF(ISNUMBER(SEARCH("; argumentative judgment; ","; "&H8&"; ")),1,0) -> 0 | AD8: =IF(ISNUMBER(SEARCH("; genre/writing expertise; ","; "&H8&"; ")),1,0) -> 0 | AE8: =IF(ISNUMBER(SEARCH("; none; ","; "&H8&"; ")),1,0) -> 1
A9: P7-W1-008 | B9: 8 | C9: Writing log 1 | D9: I like this: ISTQB Under the Lens: A Synthesis of Practitioner Opinions on Certification Value, Use, and Critique | E9: Selection/Rejection | G9: Directive | H9: none | I9: Chooses a title without an explicit rationale. | J9: AI acknowledges the selected title. | K9: W1 p11 L4-p11 L4 | L9: W1 p11 L6-p11 L6 | N9: Visible next AI response | P9: =IF(OR(E9="Delegation",ISNUMBER(SEARCH("; Delegation; ","; "&F9&"; "))),1,0) -> 0 | Q9: =IF(OR(E9="Directed delegation",ISNUMBER(SEARCH("; Directed delegation; ","; "&F9&"; "))),1,0) -> 0 | R9: =IF(OR(E9="Evaluation",ISNUMBER(SEARCH("; Evaluation; ","; "&F9&"; "))),1,0) -> 0 | S9: =IF(OR(E9="Correction/Challenge",ISNUMBER(SEARCH("; Correction/Challenge; ","; "&F9&"; "))),1,0) -> 0 | T9: =IF(OR(E9="Redirection",ISNUMBER(SEARCH("; Redirection; ","; "&F9&"; "))),1,0) -> 0 | U9: =IF(OR(E9="Knowledge injection",ISNUMBER(SEARCH("; Knowledge injection; ","; "&F9&"; "))),1,0) -> 0 | V9: =IF(OR(E9="Selection/Rejection",ISNUMBER(SEARCH("; Selection/Rejection; ","; "&F9&"; "))),1,0) -> 1 | W9: =IF(OR(E9="Deliberation",ISNUMBER(SEARCH("; Deliberation; ","; "&F9&"; "))),1,0) -> 0 | X9: =SUM(Paper7Coding[[#This Row],[Subject-matter correction]:[Genre/ writing expertise]]) -> 0 | Y9: =IF(ISNUMBER(SEARCH("; domain correction; ","; "&H9&"; ")),1,0) -> 0 | Z9: =IF(ISNUMBER(SEARCH("; conceptual discrimination; ","; "&H9&"; ")),1,0) -> 0 | AA9: =IF(ISNUMBER(SEARCH("; evidence judgment; ","; "&H9&"; ")),1,0) -> 0 | AB9: =IF(ISNUMBER(SEARCH("; methodological judgment; ","; "&H9&"; ")),1,0) -> 0 | AC9: =IF(ISNUMBER(SEARCH("; argumentative judgment; ","; "&H9&"; ")),1,0) -> 0 | AD9: =IF(ISNUMBER(SEARCH("; genre/writing expertise; ","; "&H9&"; ")),1,0) -> 0 | AE9: =IF(ISNUMBER(SEARCH("; none; ","; "&H9&"; ")),1,0) -> 1
A10: P7-W1-009 | B10: 9 | C10: Writing log 1 | D10: give the paper structure | E10: Delegation | G10: Delegative | H10: none | I10: Requests a paper structure with no new detailed constraints. | J10: AI proposes a paper outline. | K10: W1 p11 L8-p11 L8 | L10: W1 p11 L10-p11 L27 | N10: Visible next AI response | P10: =IF(OR(E10="Delegation",ISNUMBER(SEARCH("; Delegation; ","; "&F10&"; "))),1,0) -> 1 | Q10: =IF(OR(E10="Directed delegation",ISNUMBER(SEARCH("; Directed delegation; ","; "&F10&"; "))),1,0) -> 0 | R10: =IF(OR(E10="Evaluation",ISNUMBER(SEARCH("; Evaluation; ","; "&F10&"; "))),1,0) -> 0 | S10: =IF(OR(E10="Correction/Challenge",ISNUMBER(SEARCH("; Correction/Challenge; ","; "&F10&"; "))),1,0) -> 0 | T10: =IF(OR(E10="Redirection",ISNUMBER(SEARCH("; Redirection; ","; "&F10&"; "))),1,0) -> 0 | U10: =IF(OR(E10="Knowledge injection",ISNUMBER(SEARCH("; Knowledge injection; ","; "&F10&"; "))),1,0) -> 0 | V10: =IF(OR(E10="Selection/Rejection",ISNUMBER(SEARCH("; Selection/Rejection; ","; "&F10&"; "))),1,0) -> 0 | W10: =IF(OR(E10="Deliberation",ISNUMBER(SEARCH("; Deliberation; ","; "&F10&"; "))),1,0) -> 0 | X10: =SUM(Paper7Coding[[#This Row],[Subject-matter correction]:[Genre/ writing expertise]]) -> 0 | Y10: =IF(ISNUMBER(SEARCH("; domain correction; ","; "&H10&"; ")),1,0) -> 0 | Z10: =IF(ISNUMBER(SEARCH("; conceptual discrimination; ","; "&H10&"; ")),1,0) -> 0 | AA10: =IF(ISNUMBER(SEARCH("; evidence judgment; ","; "&H10&"; ")),1,0) -> 0 | AB10: =IF(ISNUMBER(SEARCH("; methodological judgment; ","; "&H10&"; ")),1,0) -> 0 | AC10: =IF(ISNUMBER(SEARCH("; argumentative judgment; ","; "&H10&"; ")),1,0) -> 0 | AD10: =IF(ISNUMBER(SEARCH("; genre/writing expertise; ","; "&H10&"; ")),1,0) -> 0 | AE10: =IF(ISNUMBER(SEARCH("; none; ","; "&H10&"; ")),1,0) -> 1
A11: P7-W1-010 | B11: 10 | C11: Writing log 1 | D11: Findings section shall include: Certification Value, Use, and Critique | E11: Directed delegation | G11: Directive | H11: conceptual discrimination; genre/writing expertise | I11: Specifies a three-part findings structure distinguishing value, use and critique. | J11: AI adopts the three findings categories. | K11: W1 p11 L29-p11 L29 | L11: W1 p11 L31-p11 L33 | N11: Visible next AI response | P11: =IF(OR(E11="Delegation",ISNUMBER(SEARCH("; Delegation; ","; "&F11&"; "))),1,0) -> 0 | Q11: =IF(OR(E11="Directed delegation",ISNUMBER(SEARCH("; Directed delegation; ","; "&F11&"; "))),1,0) -> 1 | R11: =IF(OR(E11="Evaluation",ISNUMBER(SEARCH("; Evaluation; ","; "&F11&"; "))),1,0) -> 0 | S11: =IF(OR(E11="Correction/Challenge",ISNUMBER(SEARCH("; Correction/Challenge; ","; "&F11&"; "))),1,0) -> 0 | T11: =IF(OR(E11="Redirection",ISNUMBER(SEARCH("; Redirection; ","; "&F11&"; "))),1,0) -> 0 | U11: =IF(OR(E11="Knowledge injection",ISNUMBER(SEARCH("; Knowledge injection; ","; "&F11&"; "))),1,0) -> 0 | V11: =IF(OR(E11="Selection/Rejection",ISNUMBER(SEARCH("; Selection/Rejection; ","; "&F11&"; "))),1,0) -> 0 | W11: =IF(OR(E11="Deliberation",ISNUMBER(SEARCH("; Deliberation; ","; "&F11&"; "))),1,0) -> 0 | X11: =SUM(Paper7Coding[[#This Row],[Subject-matter correction]:[Genre/ writing expertise]]) -> 2 | Y11: =IF(ISNUMBER(SEARCH("; domain correction; ","; "&H11&"; ")),1,0) -> 0 | Z11: =IF(ISNUMBER(SEARCH("; conceptual discrimination; ","; "&H11&"; ")),1,0) -> 1 | AA11: =IF(ISNUMBER(SEARCH("; evidence judgment; ","; "&H11&"; ")),1,0) -> 0 | AB11: =IF(ISNUMBER(SEARCH("; methodological judgment; ","; "&H11&"; ")),1,0) -> 0 | AC11: =IF(ISNUMBER(SEARCH("; argumentative judgment; ","; "&H11&"; ")),1,0) -> 0 | AD11: =IF(ISNUMBER(SEARCH("; genre/writing expertise; ","; "&H11&"; ")),1,0) -> 1 | AE11: =IF(ISNUMBER(SEARCH("; none; ","; "&H11&"; ")),1,0) -> 0
A12: P7-W1-011 | B12: 11 | C12: Writing log 1 | D12: these should also be broken down by certification level, and stakeholder role. -- remove classification by region, from all parts | E12: Redirection | F12: Directed delegation; Selection/Rejection | G12: Directive | H12: methodological judgment; genre/writing expertise | I12: Removes regional classification while retaining level and role breakdowns. | J12: AI confirms the revised classification dimensions. | K12: W1 p11 L35-p11 L36 | L12: W1 p12 L2-p12 L4 | N12: Visible next AI response | P12: =IF(OR(E12="Delegation",ISNUMBER(SEARCH("; Delegation; ","; "&F12&"; "))),1,0) -> 0 | Q12: =IF(OR(E12="Directed delegation",ISNUMBER(SEARCH("; Directed delegation; ","; "&F12&"; "))),1,0) -> 1 | R12: =IF(OR(E12="Evaluation",ISNUMBER(SEARCH("; Evaluation; ","; "&F12&"; "))),1,0) -> 0 | S12: =IF(OR(E12="Correction/Challenge",ISNUMBER(SEARCH("; Correction/Challenge; ","; "&F12&"; "))),1,0) -> 0 | T12: =IF(OR(E12="Redirection",ISNUMBER(SEARCH("; Redirection; ","; "&F12&"; "))),1,0) -> 1 | U12: =IF(OR(E12="Knowledge injection",ISNUMBER(SEARCH("; Knowledge injection; ","; "&F12&"; "))),1,0) -> 0 | V12: =IF(OR(E12="Selection/Rejection",ISNUMBER(SEARCH("; Selection/Rejection; ","; "&F12&"; "))),1,0) -> 1 | W12: =IF(OR(E12="Deliberation",ISNUMBER(SEARCH("; Deliberation; ","; "&F12&"; "))),1,0) -> 0 | X12: =SUM(Paper7Coding[[#This Row],[Subject-matter correction]:[Genre/ writing expertise]]) -> 2 | Y12: =IF(ISNUMBER(SEARCH("; domain correction; ","; "&H12&"; ")),1,0) -> 0 | Z12: =IF(ISNUMBER(SEARCH("; conceptual discrimination; ","; "&H12&"; ")),1,0) -> 0 | AA12: =IF(ISNUMBER(SEARCH("; evidence judgment; ","; "&H12&"; ")),1,0) -> 0 | AB12: =IF(ISNUMBER(SEARCH("; methodological judgment; ","; "&H12&"; ")),1,0) -> 1 | AC12: =IF(ISNUMBER(SEARCH("; argumentative judgment; ","; "&H12&"; ")),1,0) -> 0 | AD12: =IF(ISNUMBER(SEARCH("; genre/writing expertise; ","; "&H12&"; ")),1,0) -> 1 | AE12: =IF(ISNUMBER(SEARCH("; none; ","; "&H12&"; ")),1,0) -> 0
A13: P7-W1-012 | B13: 12 | C13: Writing log 1 | D13: how would you differentiate Certification Value from Use? | E13: Deliberation | F13: Evaluation | G13: Deliberative | H13: conceptual discrimination | I13: Asks how two proposed analytical categories differ; initiates conceptual comparison. | J13: AI contrasts perceived value with practical use. | K13: W1 p12 L6-p12 L6 | L13: W1 p12 L8-p12 L17 | N13: Visible next AI response | P13: =IF(OR(E13="Delegation",ISNUMBER(SEARCH("; Delegation; ","; "&F13&"; "))),1,0) -> 0 | Q13: =IF(OR(E13="Directed delegation",ISNUMBER(SEARCH("; Directed delegation; ","; "&F13&"; "))),1,0) -> 0 | R13: =IF(OR(E13="Evaluation",ISNUMBER(SEARCH("; Evaluation; ","; "&F13&"; "))),1,0) -> 1 | S13: =IF(OR(E13="Correction/Challenge",ISNUMBER(SEARCH("; Correction/Challenge; ","; "&F13&"; "))),1,0) -> 0 | T13: =IF(OR(E13="Redirection",ISNUMBER(SEARCH("; Redirection; ","; "&F13&"; "))),1,0) -> 0 | U13: =IF(OR(E13="Knowledge injection",ISNUMBER(SEARCH("; Knowledge injection; ","; "&F13&"; "))),1,0) -> 0 | V13: =IF(OR(E13="Selection/Rejection",ISNUMBER(SEARCH("; Selection/Rejection; ","; "&F13&"; "))),1,0) -> 0 | W13: =IF(OR(E13="Deliberation",ISNUMBER(SEARCH("; Deliberation; ","; "&F13&"; "))),1,0) -> 1 | X13: =SUM(Paper7Coding[[#This Row],[Subject-matter correction]:[Genre/ writing expertise]]) -> 1 | Y13: =IF(ISNUMBER(SEARCH("; domain correction; ","; "&H13&"; ")),1,0) -> 0 | Z13: =IF(ISNUMBER(SEARCH("; conceptual discrimination; ","; "&H13&"; ")),1,0) -> 1 | AA13: =IF(ISNUMBER(SEARCH("; evidence judgment; ","; "&H13&"; ")),1,0) -> 0 | AB13: =IF(ISNUMBER(SEARCH("; methodological judgment; ","; "&H13&"; ")),1,0) -> 0 | AC13: =IF(ISNUMBER(SEARCH("; argumentative judgment; ","; "&H13&"; ")),1,0) -> 0 | AD13: =IF(ISNUMBER(SEARCH("; genre/writing expertise; ","; "&H13&"; ")),1,0) -> 0 | AE13: =IF(ISNUMBER(SEARCH("; none; ","; "&H13&"; ")),1,0) -> 0
A14: P7-W1-013 | B14: 13 | C14: Writing log 1 | D14: like the deep research that you did for Critique part, I will later ask you to do similar deep research and synthesiding of literature for "Value" and "Use" | E14: Directed delegation | G14: Directive | H14: methodological judgment | I14: Plans parallel research and synthesis for Value and Use using the previous Critique approach. | J14: AI acknowledges a future research request. | K14: W1 p12 L19-p12 L20 | L14: W1 p12 L22-p12 L23 | N14: Visible next AI response | P14: =IF(OR(E14="Delegation",ISNUMBER(SEARCH("; Delegation; ","; "&F14&"; "))),1,0) -> 0 | Q14: =IF(OR(E14="Directed delegation",ISNUMBER(SEARCH("; Directed delegation; ","; "&F14&"; "))),1,0) -> 1 | R14: =IF(OR(E14="Evaluation",ISNUMBER(SEARCH("; Evaluation; ","; "&F14&"; "))),1,0) -> 0 | S14: =IF(OR(E14="Correction/Challenge",ISNUMBER(SEARCH("; Correction/Challenge; ","; "&F14&"; "))),1,0) -> 0 | T14: =IF(OR(E14="Redirection",ISNUMBER(SEARCH("; Redirection; ","; "&F14&"; "))),1,0) -> 0 | U14: =IF(OR(E14="Knowledge injection",ISNUMBER(SEARCH("; Knowledge injection; ","; "&F14&"; "))),1,0) -> 0 | V14: =IF(OR(E14="Selection/Rejection",ISNUMBER(SEARCH("; Selection/Rejection; ","; "&F14&"; "))),1,0) -> 0 | W14: =IF(OR(E14="Deliberation",ISNUMBER(SEARCH("; Deliberation; ","; "&F14&"; "))),1,0) -> 0 | X14: =SUM(Paper7Coding[[#This Row],[Subject-matter correction]:[Genre/ writing expertise]]) -> 1 | Y14: =IF(ISNUMBER(SEARCH("; domain correction; ","; "&H14&"; ")),1,0) -> 0 | Z14: =IF(ISNUMBER(SEARCH("; conceptual discrimination; ","; "&H14&"; ")),1,0) -> 0 | AA14: =IF(ISNUMBER(SEARCH("; evidence judgment; ","; "&H14&"; ")),1,0) -> 0 | AB14: =IF(ISNUMBER(SEARCH("; methodological judgment; ","; "&H14&"; ")),1,0) -> 1 | AC14: =IF(ISNUMBER(SEARCH("; argumentative judgment; ","; "&H14&"; ")),1,0) -> 0 | AD14: =IF(ISNUMBER(SEARCH("; genre/writing expertise; ","; "&H14&"; ")),1,0) -> 0 | AE14: =IF(ISNUMBER(SEARCH("; none; ","; "&H14&"; ")),1,0) -> 0
A15: P7-W1-014 | B15: 14 | C15: Writing log 1 | D15: how is this title? ISTQB Under the Lens: A Synthesis of Global Voices on Certification Value, Use, and Critique | E15: Evaluation | F15: Knowledge injection | G15: Evaluative | H15: genre/writing expertise | I15: Offers a revised title and requests evaluation of its broader voice framing. | J15: AI compares the old and new titles and suggests wording. | K15: W1 p12 L25-p12 L25 | L15: W1 p12 L27-p12 L32 | N15: Visible next AI response | P15: =IF(OR(E15="Delegation",ISNUMBER(SEARCH("; Delegation; ","; "&F15&"; "))),1,0) -> 0 | Q15: =IF(OR(E15="Directed delegation",ISNUMBER(SEARCH("; Directed delegation; ","; "&F15&"; "))),1,0) -> 0 | R15: =IF(OR(E15="Evaluation",ISNUMBER(SEARCH("; Evaluation; ","; "&F15&"; "))),1,0) -> 1 | S15: =IF(OR(E15="Correction/Challenge",ISNUMBER(SEARCH("; Correction/Challenge; ","; "&F15&"; "))),1,0) -> 0 | T15: =IF(OR(E15="Redirection",ISNUMBER(SEARCH("; Redirection; ","; "&F15&"; "))),1,0) -> 0 | U15: =IF(OR(E15="Knowledge injection",ISNUMBER(SEARCH("; Knowledge injection; ","; "&F15&"; "))),1,0) -> 1 | V15: =IF(OR(E15="Selection/Rejection",ISNUMBER(SEARCH("; Selection/Rejection; ","; "&F15&"; "))),1,0) -> 0 | W15: =IF(OR(E15="Deliberation",ISNUMBER(SEARCH("; Deliberation; ","; "&F15&"; "))),1,0) -> 0 | X15: =SUM(Paper7Coding[[#This Row],[Subject-matter correction]:[Genre/ writing expertise]]) -> 1 | Y15: =IF(ISNUMBER(SEARCH("; domain correction; ","; "&H15&"; ")),1,0) -> 0 | Z15: =IF(ISNUMBER(SEARCH("; conceptual discrimination; ","; "&H15&"; ")),1,0) -> 0 | AA15: =IF(ISNUMBER(SEARCH("; evidence judgment; ","; "&H15&"; ")),1,0) -> 0 | AB15: =IF(ISNUMBER(SEARCH("; methodological judgment; ","; "&H15&"; ")),1,0) -> 0 | AC15: =IF(ISNUMBER(SEARCH("; argumentative judgment; ","; "&H15&"; ")),1,0) -> 0 | AD15: =IF(ISNUMBER(SEARCH("; genre/writing expertise; ","; "&H15&"; ")),1,0) -> 1 | AE15: =IF(ISNUMBER(SEARCH("; none; ","; "&H15&"; ")),1,0) -> 0
A16: P7-W1-015 | B16: 15 | C16: Writing log 1 | D16: how is this? ISTQB Certifications Under the Lens: Synthesizing Global Perspectives on Value, Use, and Critique | E16: Evaluation | F16: Knowledge injection | G16: Evaluative | H16: genre/writing expertise | I16: Offers a more precise revised title and asks for assessment. | J16: AI endorses the revised title. | K16: W1 p12 L34-p12 L35 | L16: W1 p13 L2-p13 L5 | N16: Visible next AI response | P16: =IF(OR(E16="Delegation",ISNUMBER(SEARCH("; Delegation; ","; "&F16&"; "))),1,0) -> 0 | Q16: =IF(OR(E16="Directed delegation",ISNUMBER(SEARCH("; Directed delegation; ","; "&F16&"; "))),1,0) -> 0 | R16: =IF(OR(E16="Evaluation",ISNUMBER(SEARCH("; Evaluation; ","; "&F16&"; "))),1,0) -> 1 | S16: =IF(OR(E16="Correction/Challenge",ISNUMBER(SEARCH("; Correction/Challenge; ","; "&F16&"; "))),1,0) -> 0 | T16: =IF(OR(E16="Redirection",ISNUMBER(SEARCH("; Redirection; ","; "&F16&"; "))),1,0) -> 0 | U16: =IF(OR(E16="Knowledge injection",ISNUMBER(SEARCH("; Knowledge injection; ","; "&F16&"; "))),1,0) -> 1 | V16: =IF(OR(E16="Selection/Rejection",ISNUMBER(SEARCH("; Selection/Rejection; ","; "&F16&"; "))),1,0) -> 0 | W16: =IF(OR(E16="Deliberation",ISNUMBER(SEARCH("; Deliberation; ","; "&F16&"; "))),1,0) -> 0 | X16: =SUM(Paper7Coding[[#This Row],[Subject-matter correction]:[Genre/ writing expertise]]) -> 1 | Y16: =IF(ISNUMBER(SEARCH("; domain correction; ","; "&H16&"; ")),1,0) -> 0 | Z16: =IF(ISNUMBER(SEARCH("; conceptual discrimination; ","; "&H16&"; ")),1,0) -> 0 | AA16: =IF(ISNUMBER(SEARCH("; evidence judgment; ","; "&H16&"; ")),1,0) -> 0 | AB16: =IF(ISNUMBER(SEARCH("; methodological judgment; ","; "&H16&"; ")),1,0) -> 0 | AC16: =IF(ISNUMBER(SEARCH("; argumentative judgment; ","; "&H16&"; ")),1,0) -> 0 | AD16: =IF(ISNUMBER(SEARCH("; genre/writing expertise; ","; "&H16&"; ")),1,0) -> 1 | AE16: =IF(ISNUMBER(SEARCH("; none; ","; "&H16&"; ")),1,0) -> 0
A17: P7-W1-016 | B17: 16 | C17: Writing log 1 | D17: how is this? ISTQB Certifications Under the Lens: Synthesizing Global Perspectives on their Value, Use, and Critique --- btw, shall I add any other compoent in addition to these three: Value, Use, and Critique ? | E17: Deliberation | F17: Evaluation; Knowledge injection | G17: Deliberative | H17: conceptual discrimination; argumentative judgment; genre/writing expertise | I17: Asks whether the three-part framing needs another component while assessing a title. | J17: AI discusses optional dimensions and recommends keeping three. | K17: W1 p13 L7-p13 L8 | L17: W1 p13 L10-p13 L20 | N17: Visible next AI response | P17: =IF(OR(E17="Delegation",ISNUMBER(SEARCH("; Delegation; ","; "&F17&"; "))),1,0) -> 0 | Q17: =IF(OR(E17="Directed delegation",ISNUMBER(SEARCH("; Directed delegation; ","; "&F17&"; "))),1,0) -> 0 | R17: =IF(OR(E17="Evaluation",ISNUMBER(SEARCH("; Evaluation; ","; "&F17&"; "))),1,0) -> 1 | S17: =IF(OR(E17="Correction/Challenge",ISNUMBER(SEARCH("; Correction/Challenge; ","; "&F17&"; "))),1,0) -> 0 | T17: =IF(OR(E17="Redirection",ISNUMBER(SEARCH("; Redirection; ","; "&F17&"; "))),1,0) -> 0 | U17: =IF(OR(E17="Knowledge injection",ISNUMBER(SEARCH("; Knowledge injection; ","; "&F17&"; "))),1,0) -> 1 | V17: =IF(OR(E17="Selection/Rejection",ISNUMBER(SEARCH("; Selection/Rejection; ","; "&F17&"; "))),1,0) -> 0 | W17: =IF(OR(E17="Deliberation",ISNUMBER(SEARCH("; Deliberation; ","; "&F17&"; "))),1,0) -> 1 | X17: =SUM(Paper7Coding[[#This Row],[Subject-matter correction]:[Genre/ writing expertise]]) -> 3 | Y17: =IF(ISNUMBER(SEARCH("; domain correction; ","; "&H17&"; ")),1,0) -> 0 | Z17: =IF(ISNUMBER(SEARCH("; conceptual discrimination; ","; "&H17&"; ")),1,0) -> 1 | AA17: =IF(ISNUMBER(SEARCH("; evidence judgment; ","; "&H17&"; ")),1,0) -> 0 | AB17: =IF(ISNUMBER(SEARCH("; methodological judgment; ","; "&H17&"; ")),1,0) -> 0 | AC17: =IF(ISNUMBER(SEARCH("; argumentative judgment; ","; "&H17&"; ")),1,0) -> 1 | AD17: =IF(ISNUMBER(SEARCH("; genre/writing expertise; ","; "&H17&"; ")),1,0) -> 1 | AE17: =IF(ISNUMBER(SEARCH("; none; ","; "&H17&"; ")),1,0) -> 0
A18: P7-W1-017 | B18: 17 | C18: Writing log 1 | D18: yep | E18: Selection/Rejection | G18: Directive | H18: none | I18: Accepts the preceding offer to finalize the title; no new expertise evidence. | J18: AI acknowledges title selection. | K18: W1 p13 L22-p13 L22 | L18: W1 p13 L24-p13 L25 | N18: Visible next AI response | P18: =IF(OR(E18="Delegation",ISNUMBER(SEARCH("; Delegation; ","; "&F18&"; "))),1,0) -> 0 | Q18: =IF(OR(E18="Directed delegation",ISNUMBER(SEARCH("; Directed delegation; ","; "&F18&"; "))),1,0) -> 0 | R18: =IF(OR(E18="Evaluation",ISNUMBER(SEARCH("; Evaluation; ","; "&F18&"; "))),1,0) -> 0 | S18: =IF(OR(E18="Correction/Challenge",ISNUMBER(SEARCH("; Correction/Challenge; ","; "&F18&"; "))),1,0) -> 0 | T18: =IF(OR(E18="Redirection",ISNUMBER(SEARCH("; Redirection; ","; "&F18&"; "))),1,0) -> 0 | U18: =IF(OR(E18="Knowledge injection",ISNUMBER(SEARCH("; Knowledge injection; ","; "&F18&"; "))),1,0) -> 0 | V18: =IF(OR(E18="Selection/Rejection",ISNUMBER(SEARCH("; Selection/Rejection; ","; "&F18&"; "))),1,0) -> 1 | W18: =IF(OR(E18="Deliberation",ISNUMBER(SEARCH("; Deliberation; ","; "&F18&"; "))),1,0) -> 0 | X18: =SUM(Paper7Coding[[#This Row],[Subject-matter correction]:[Genre/ writing expertise]]) -> 0 | Y18: =IF(ISNUMBER(SEARCH("; domain correction; ","; "&H18&"; ")),1,0) -> 0 | Z18: =IF(ISNUMBER(SEARCH("; conceptual discrimination; ","; "&H18&"; ")),1,0) -> 0 | AA18: =IF(ISNUMBER(SEARCH("; evidence judgment; ","; "&H18&"; ")),1,0) -> 0 | AB18: =IF(ISNUMBER(SEARCH("; methodological judgment; ","; "&H18&"; ")),1,0) -> 0 | AC18: =IF(ISNUMBER(SEARCH("; argumentative judgment; ","; "&H18&"; ")),1,0) -> 0 | AD18: =IF(ISNUMBER(SEARCH("; genre/writing expertise; ","; "&H18&"; ")),1,0) -> 0 | AE18: =IF(ISNUMBER(SEARCH("; none; ","; "&H18&"; ")),1,0) -> 1
A19: P7-W1-018 | B19: 18 | C19: Writing log 1 | D19: explani these aspects again: Value, Use, Critique. I am not sure if "use" is necessary | E19: Deliberation | F19: Evaluation | G19: Deliberative | H19: conceptual discrimination; argumentative judgment | I19: Questions whether Use adds a distinct dimension and requests an explanation. | J19: AI explains category distinctions and presents options for keeping or merging Use. | K19: W1 p13 L27-p13 L27 | L19: W1 p13 L29-p14 L8 | N19: Visible next AI response | P19: =IF(OR(E19="Delegation",ISNUMBER(SEARCH("; Delegation; ","; "&F19&"; "))),1,0) -> 0 | Q19: =IF(OR(E19="Directed delegation",ISNUMBER(SEARCH("; Directed delegation; ","; "&F19&"; "))),1,0) -> 0 | R19: =IF(OR(E19="Evaluation",ISNUMBER(SEARCH("; Evaluation; ","; "&F19&"; "))),1,0) -> 1 | S19: =IF(OR(E19="Correction/Challenge",ISNUMBER(SEARCH("; Correction/Challenge; ","; "&F19&"; "))),1,0) -> 0 | T19: =IF(OR(E19="Redirection",ISNUMBER(SEARCH("; Redirection; ","; "&F19&"; "))),1,0) -> 0 | U19: =IF(OR(E19="Knowledge injection",ISNUMBER(SEARCH("; Knowledge injection; ","; "&F19&"; "))),1,0) -> 0 | V19: =IF(OR(E19="Selection/Rejection",ISNUMBER(SEARCH("; Selection/Rejection; ","; "&F19&"; "))),1,0) -> 0 | W19: =IF(OR(E19="Deliberation",ISNUMBER(SEARCH("; Deliberation; ","; "&F19&"; "))),1,0) -> 1 | X19: =SUM(Paper7Coding[[#This Row],[Subject-matter correction]:[Genre/ writing expertise]]) -> 2 | Y19: =IF(ISNUMBER(SEARCH("; domain correction; ","; "&H19&"; ")),1,0) -> 0 | Z19: =IF(ISNUMBER(SEARCH("; conceptual discrimination; ","; "&H19&"; ")),1,0) -> 1 | AA19: =IF(ISNUMBER(SEARCH("; evidence judgment; ","; "&H19&"; ")),1,0) -> 0 | AB19: =IF(ISNUMBER(SEARCH("; methodological judgment; ","; "&H19&"; ")),1,0) -> 0 | AC19: =IF(ISNUMBER(SEARCH("; argumentative judgment; ","; "&H19&"; ")),1,0) -> 1 | AD19: =IF(ISNUMBER(SEARCH("; genre/writing expertise; ","; "&H19&"; ")),1,0) -> 0 | AE19: =IF(ISNUMBER(SEARCH("; none; ","; "&H19&"; ")),1,0) -> 0
A20: P7-W1-019 | B20: 19 | C20: Writing log 1 | D20: reduce to two dimensions: Value and Critique | E20: Selection/Rejection | F20: Redirection | G20: Directive | H20: conceptual discrimination; methodological judgment | I20: Chooses to reduce the analytical framework to Value and Critique after comparison. | J20: AI confirms the two-dimension framework. | K20: W1 p14 L10-p14 L10 | L20: W1 p14 L12-p14 L13 | N20: Visible next AI response | P20: =IF(OR(E20="Delegation",ISNUMBER(SEARCH("; Delegation; ","; "&F20&"; "))),1,0) -> 0 | Q20: =IF(OR(E20="Directed delegation",ISNUMBER(SEARCH("; Directed delegation; ","; "&F20&"; "))),1,0) -> 0 | R20: =IF(OR(E20="Evaluation",ISNUMBER(SEARCH("; Evaluation; ","; "&F20&"; "))),1,0) -> 0 | S20: =IF(OR(E20="Correction/Challenge",ISNUMBER(SEARCH("; Correction/Challenge; ","; "&F20&"; "))),1,0) -> 0 | T20: =IF(OR(E20="Redirection",ISNUMBER(SEARCH("; Redirection; ","; "&F20&"; "))),1,0) -> 1 | U20: =IF(OR(E20="Knowledge injection",ISNUMBER(SEARCH("; Knowledge injection; ","; "&F20&"; "))),1,0) -> 0 | V20: =IF(OR(E20="Selection/Rejection",ISNUMBER(SEARCH("; Selection/Rejection; ","; "&F20&"; "))),1,0) -> 1 | W20: =IF(OR(E20="Deliberation",ISNUMBER(SEARCH("; Deliberation; ","; "&F20&"; "))),1,0) -> 0 | X20: =SUM(Paper7Coding[[#This Row],[Subject-matter correction]:[Genre/ writing expertise]]) -> 2 | Y20: =IF(ISNUMBER(SEARCH("; domain correction; ","; "&H20&"; ")),1,0) -> 0 | Z20: =IF(ISNUMBER(SEARCH("; conceptual discrimination; ","; "&H20&"; ")),1,0) -> 1 | AA20: =IF(ISNUMBER(SEARCH("; evidence judgment; ","; "&H20&"; ")),1,0) -> 0 | AB20: =IF(ISNUMBER(SEARCH("; methodological judgment; ","; "&H20&"; ")),1,0) -> 1 | AC20: =IF(ISNUMBER(SEARCH("; argumentative judgment; ","; "&H20&"; ")),1,0) -> 0 | AD20: =IF(ISNUMBER(SEARCH("; genre/writing expertise; ","; "&H20&"; ")),1,0) -> 0 | AE20: =IF(ISNUMBER(SEARCH("; none; ","; "&H20&"; ")),1,0) -> 0
A21: P7-W1-020 | B21: 20 | C21: Writing log 1 | D21: recall to include in the paper a section on: Why were ISTQB Certifications developed in the first place | E21: Directed delegation | G21: Directive | H21: argumentative judgment; genre/writing expertise | I21: Requires background explaining why certifications were originally developed. | J21: AI acknowledges the planned section. | K21: W1 p14 L15-p14 L15 | L21: W1 p14 L17-p14 L18 | N21: Visible next AI response | P21: =IF(OR(E21="Delegation",ISNUMBER(SEARCH("; Delegation; ","; "&F21&"; "))),1,0) -> 0 | Q21: =IF(OR(E21="Directed delegation",ISNUMBER(SEARCH("; Directed delegation; ","; "&F21&"; "))),1,0) -> 1 | R21: =IF(OR(E21="Evaluation",ISNUMBER(SEARCH("; Evaluation; ","; "&F21&"; "))),1,0) -> 0 | S21: =IF(OR(E21="Correction/Challenge",ISNUMBER(SEARCH("; Correction/Challenge; ","; "&F21&"; "))),1,0) -> 0 | T21: =IF(OR(E21="Redirection",ISNUMBER(SEARCH("; Redirection; ","; "&F21&"; "))),1,0) -> 0 | U21: =IF(OR(E21="Knowledge injection",ISNUMBER(SEARCH("; Knowledge injection; ","; "&F21&"; "))),1,0) -> 0 | V21: =IF(OR(E21="Selection/Rejection",ISNUMBER(SEARCH("; Selection/Rejection; ","; "&F21&"; "))),1,0) -> 0 | W21: =IF(OR(E21="Deliberation",ISNUMBER(SEARCH("; Deliberation; ","; "&F21&"; "))),1,0) -> 0 | X21: =SUM(Paper7Coding[[#This Row],[Subject-matter correction]:[Genre/ writing expertise]]) -> 2 | Y21: =IF(ISNUMBER(SEARCH("; domain correction; ","; "&H21&"; ")),1,0) -> 0 | Z21: =IF(ISNUMBER(SEARCH("; conceptual discrimination; ","; "&H21&"; ")),1,0) -> 0 | AA21: =IF(ISNUMBER(SEARCH("; evidence judgment; ","; "&H21&"; ")),1,0) -> 0 | AB21: =IF(ISNUMBER(SEARCH("; methodological judgment; ","; "&H21&"; ")),1,0) -> 0 | AC21: =IF(ISNUMBER(SEARCH("; argumentative judgment; ","; "&H21&"; ")),1,0) -> 1 | AD21: =IF(ISNUMBER(SEARCH("; genre/writing expertise; ","; "&H21&"; ")),1,0) -> 1 | AE21: =IF(ISNUMBER(SEARCH("; none; ","; "&H21&"; ")),1,0) -> 0
A22: P7-W1-021 | B22: 21 | C22: Writing log 1 | D22: let me tell you about the research approach for this work. it will get data from two sources: 1-Systematic Review of the relevant Academic and Grey Literature 2-Survey questionanare from test engineers and managers working in several Turkish and Azerbaijani companies about the Value and Critique … | E22: Knowledge injection | F22: Directed delegation | G22: Directive | H22: methodological judgment | I22: Supplies a two-source research design combining literature review and a practitioner survey. | J22: AI acknowledges the two research components. | K22: W1 p14 L20-p14 L22 | L22: W1 p14 L24-p14 L25 | N22: Visible next AI response | P22: =IF(OR(E22="Delegation",ISNUMBER(SEARCH("; Delegation; ","; "&F22&"; "))),1,0) -> 0 | Q22: =IF(OR(E22="Directed delegation",ISNUMBER(SEARCH("; Directed delegation; ","; "&F22&"; "))),1,0) -> 1 | R22: =IF(OR(E22="Evaluation",ISNUMBER(SEARCH("; Evaluation; ","; "&F22&"; "))),1,0) -> 0 | S22: =IF(OR(E22="Correction/Challenge",ISNUMBER(SEARCH("; Correction/Challenge; ","; "&F22&"; "))),1,0) -> 0 | T22: =IF(OR(E22="Redirection",ISNUMBER(SEARCH("; Redirection; ","; "&F22&"; "))),1,0) -> 0 | U22: =IF(OR(E22="Knowledge injection",ISNUMBER(SEARCH("; Knowledge injection; ","; "&F22&"; "))),1,0) -> 1 | V22: =IF(OR(E22="Selection/Rejection",ISNUMBER(SEARCH("; Selection/Rejection; ","; "&F22&"; "))),1,0) -> 0 | W22: =IF(OR(E22="Deliberation",ISNUMBER(SEARCH("; Deliberation; ","; "&F22&"; "))),1,0) -> 0 | X22: =SUM(Paper7Coding[[#This Row],[Subject-matter correction]:[Genre/ writing expertise]]) -> 1 | Y22: =IF(ISNUMBER(SEARCH("; domain correction; ","; "&H22&"; ")),1,0) -> 0 | Z22: =IF(ISNUMBER(SEARCH("; conceptual discrimination; ","; "&H22&"; ")),1,0) -> 0 | AA22: =IF(ISNUMBER(SEARCH("; evidence judgment; ","; "&H22&"; ")),1,0) -> 0 | AB22: =IF(ISNUMBER(SEARCH("; methodological judgment; ","; "&H22&"; ")),1,0) -> 1 | AC22: =IF(ISNUMBER(SEARCH("; argumentative judgment; ","; "&H22&"; ")),1,0) -> 0 | AD22: =IF(ISNUMBER(SEARCH("; genre/writing expertise; ","; "&H22&"; ")),1,0) -> 0 | AE22: =IF(ISNUMBER(SEARCH("; none; ","; "&H22&"; ")),1,0) -> 0
A23: P7-W1-022 | B23: 22 | C23: Writing log 1 | D23: give me a rough paper structure. here is a starting structure I have mind: 1 INTRODUCTION 1 2 RELATED WORK 2 3 GOAL AND RESEARCH DESIGN 2 3.1 Research questions 2 3.2 Systematic review of the relevant Academic and Grey Literature 2 3.2.1 Design of the Rapid Review 3 3.2.2 Pool of Online Sources I… | E23: Directed delegation | F23: Knowledge injection | G23: Directive | H23: methodological judgment; genre/writing expertise | I23: Supplies a detailed starting outline and asks AI to refine it. | J23: AI produces a reorganized outline with RQ-linked results. | K23: W1 p14 L27-p14 L33 | L23: W1 p14 L35-p15 L14 | M23: Includes supplied outline, draft or previously generated text. | N23: Visible next AI response | P23: =IF(OR(E23="Delegation",ISNUMBER(SEARCH("; Delegation; ","; "&F23&"; "))),1,0) -> 0 | Q23: =IF(OR(E23="Directed delegation",ISNUMBER(SEARCH("; Directed delegation; ","; "&F23&"; "))),1,0) -> 1 | R23: =IF(OR(E23="Evaluation",ISNUMBER(SEARCH("; Evaluation; ","; "&F23&"; "))),1,0) -> 0 | S23: =IF(OR(E23="Correction/Challenge",ISNUMBER(SEARCH("; Correction/Challenge; ","; "&F23&"; "))),1,0) -> 0 | T23: =IF(OR(E23="Redirection",ISNUMBER(SEARCH("; Redirection; ","; "&F23&"; "))),1,0) -> 0 | U23: =IF(OR(E23="Knowledge injection",ISNUMBER(SEARCH("; Knowledge injection; ","; "&F23&"; "))),1,0) -> 1 | V23: =IF(OR(E23="Selection/Rejection",ISNUMBER(SEARCH("; Selection/Rejection; ","; "&F23&"; "))),1,0) -> 0 | W23: =IF(OR(E23="Deliberation",ISNUMBER(SEARCH("; Deliberation; ","; "&F23&"; "))),1,0) -> 0 | X23: =SUM(Paper7Coding[[#This Row],[Subject-matter correction]:[Genre/ writing expertise]]) -> 2 | Y23: =IF(ISNUMBER(SEARCH("; domain correction; ","; "&H23&"; ")),1,0) -> 0 | Z23: =IF(ISNUMBER(SEARCH("; conceptual discrimination; ","; "&H23&"; ")),1,0) -> 0 | AA23: =IF(ISNUMBER(SEARCH("; evidence judgment; ","; "&H23&"; ")),1,0) -> 0 | AB23: =IF(ISNUMBER(SEARCH("; methodological judgment; ","; "&H23&"; ")),1,0) -> 1 | AC23: =IF(ISNUMBER(SEARCH("; argumentative judgment; ","; "&H23&"; ")),1,0) -> 0 | AD23: =IF(ISNUMBER(SEARCH("; genre/writing expertise; ","; "&H23&"; ")),1,0) -> 1 | AE23: =IF(ISNUMBER(SEARCH("; none; ","; "&H23&"; ")),1,0) -> 0
A24: P7-W1-023 | B24: 23 | C24: Writing log 1 | D24: discuss Motivation for the study, and potential benefits of its results | E24: Directed delegation | G24: Directive | H24: argumentative judgment | I24: Defines the requested content as motivation and benefits of the study. | J24: AI drafts motivation and potential benefits. | K24: W1 p15 L16-p15 L16 | L24: W1 p15 L18-p15 L37 | N24: Visible next AI response | P24: =IF(OR(E24="Delegation",ISNUMBER(SEARCH("; Delegation; ","; "&F24&"; "))),1,0) -> 0 | Q24: =IF(OR(E24="Directed delegation",ISNUMBER(SEARCH("; Directed delegation; ","; "&F24&"; "))),1,0) -> 1 | R24: =IF(OR(E24="Evaluation",ISNUMBER(SEARCH("; Evaluation; ","; "&F24&"; "))),1,0) -> 0 | S24: =IF(OR(E24="Correction/Challenge",ISNUMBER(SEARCH("; Correction/Challenge; ","; "&F24&"; "))),1,0) -> 0 | T24: =IF(OR(E24="Redirection",ISNUMBER(SEARCH("; Redirection; ","; "&F24&"; "))),1,0) -> 0 | U24: =IF(OR(E24="Knowledge injection",ISNUMBER(SEARCH("; Knowledge injection; ","; "&F24&"; "))),1,0) -> 0 | V24: =IF(OR(E24="Selection/Rejection",ISNUMBER(SEARCH("; Selection/Rejection; ","; "&F24&"; "))),1,0) -> 0 | W24: =IF(OR(E24="Deliberation",ISNUMBER(SEARCH("; Deliberation; ","; "&F24&"; "))),1,0) -> 0 | X24: =SUM(Paper7Coding[[#This Row],[Subject-matter correction]:[Genre/ writing expertise]]) -> 1 | Y24: =IF(ISNUMBER(SEARCH("; domain correction; ","; "&H24&"; ")),1,0) -> 0 | Z24: =IF(ISNUMBER(SEARCH("; conceptual discrimination; ","; "&H24&"; ")),1,0) -> 0 | AA24: =IF(ISNUMBER(SEARCH("; evidence judgment; ","; "&H24&"; ")),1,0) -> 0 | AB24: =IF(ISNUMBER(SEARCH("; methodological judgment; ","; "&H24&"; ")),1,0) -> 0 | AC24: =IF(ISNUMBER(SEARCH("; argumentative judgment; ","; "&H24&"; ")),1,0) -> 1 | AD24: =IF(ISNUMBER(SEARCH("; genre/writing expertise; ","; "&H24&"; ")),1,0) -> 0 | AE24: =IF(ISNUMBER(SEARCH("; none; ","; "&H24&"; ")),1,0) -> 0
A25: P7-W1-024 | B25: 24 | C25: Writing log 1 | D25: not now. but remember to include it when I ask to get Sec 1 | E25: Redirection | F25: Directed delegation | G25: Directive | H25: genre/writing expertise | I25: Defers incorporation until drafting Section 1 and specifies where the material belongs. | J25: AI acknowledges the timing and placement instruction. | K25: W1 p15 L39-p15 L39 | L25: W1 p15 L41-p15 L42 | N25: Visible next AI response | P25: =IF(OR(E25="Delegation",ISNUMBER(SEARCH("; Delegation; ","; "&F25&"; "))),1,0) -> 0 | Q25: =IF(OR(E25="Directed delegation",ISNUMBER(SEARCH("; Directed delegation; ","; "&F25&"; "))),1,0) -> 1 | R25: =IF(OR(E25="Evaluation",ISNUMBER(SEARCH("; Evaluation; ","; "&F25&"; "))),1,0) -> 0 | S25: =IF(OR(E25="Correction/Challenge",ISNUMBER(SEARCH("; Correction/Challenge; ","; "&F25&"; "))),1,0) -> 0 | T25: =IF(OR(E25="Redirection",ISNUMBER(SEARCH("; Redirection; ","; "&F25&"; "))),1,0) -> 1 | U25: =IF(OR(E25="Knowledge injection",ISNUMBER(SEARCH("; Knowledge injection; ","; "&F25&"; "))),1,0) -> 0 | V25: =IF(OR(E25="Selection/Rejection",ISNUMBER(SEARCH("; Selection/Rejection; ","; "&F25&"; "))),1,0) -> 0 | W25: =IF(OR(E25="Deliberation",ISNUMBER(SEARCH("; Deliberation; ","; "&F25&"; "))),1,0) -> 0 | X25: =SUM(Paper7Coding[[#This Row],[Subject-matter correction]:[Genre/ writing expertise]]) -> 1 | Y25: =IF(ISNUMBER(SEARCH("; domain correction; ","; "&H25&"; ")),1,0) -> 0 | Z25: =IF(ISNUMBER(SEARCH("; conceptual discrimination; ","; "&H25&"; ")),1,0) -> 0 | AA25: =IF(ISNUMBER(SEARCH("; evidence judgment; ","; "&H25&"; ")),1,0) -> 0 | AB25: =IF(ISNUMBER(SEARCH("; methodological judgment; ","; "&H25&"; ")),1,0) -> 0 | AC25: =IF(ISNUMBER(SEARCH("; argumentative judgment; ","; "&H25&"; ")),1,0) -> 0 | AD25: =IF(ISNUMBER(SEARCH("; genre/writing expertise; ","; "&H25&"; ")),1,0) -> 1 | AE25: =IF(ISNUMBER(SEARCH("; none; ","; "&H25&"; ")),1,0) -> 0
A26: P7-W1-025 | B26: 25 | C26: Writing log 1 | D26: I updated the structure like this: … comment on it. I do not like the Sec 4- Results sturcture. how can we improve it? | E26: Evaluation | F26: Correction/Challenge; Knowledge injection; Directed delegation | G26: Critical | H26: argumentative judgment; genre/writing expertise | I26: Provides an updated outline, diagnoses dissatisfaction with results organization and requests improvement. | J26: AI proposes a less repetitive results structure. | K26: W1 p16 L2-p16 L11 | L26: W1 p16 L13-p16 L25 | M26: Includes supplied outline, draft or previously generated text. | N26: Visible next AI response | P26: =IF(OR(E26="Delegation",ISNUMBER(SEARCH("; Delegation; ","; "&F26&"; "))),1,0) -> 0 | Q26: =IF(OR(E26="Directed delegation",ISNUMBER(SEARCH("; Directed delegation; ","; "&F26&"; "))),1,0) -> 1 | R26: =IF(OR(E26="Evaluation",ISNUMBER(SEARCH("; Evaluation; ","; "&F26&"; "))),1,0) -> 1 | S26: =IF(OR(E26="Correction/Challenge",ISNUMBER(SEARCH("; Correction/Challenge; ","; "&F26&"; "))),1,0) -> 1 | T26: =IF(OR(E26="Redirection",ISNUMBER(SEARCH("; Redirection; ","; "&F26&"; "))),1,0) -> 0 | U26: =IF(OR(E26="Knowledge injection",ISNUMBER(SEARCH("; Knowledge injection; ","; "&F26&"; "))),1,0) -> 1 | V26: =IF(OR(E26="Selection/Rejection",ISNUMBER(SEARCH("; Selection/Rejection; ","; "&F26&"; "))),1,0) -> 0 | W26: =IF(OR(E26="Deliberation",ISNUMBER(SEARCH("; Deliberation; ","; "&F26&"; "))),1,0) -> 0 | X26: =SUM(Paper7Coding[[#This Row],[Subject-matter correction]:[Genre/ writing expertise]]) -> 2 | Y26: =IF(ISNUMBER(SEARCH("; domain correction; ","; "&H26&"; ")),1,0) -> 0 | Z26: =IF(ISNUMBER(SEARCH("; conceptual discrimination; ","; "&H26&"; ")),1,0) -> 0 | AA26: =IF(ISNUMBER(SEARCH("; evidence judgment; ","; "&H26&"; ")),1,0) -> 0 | AB26: =IF(ISNUMBER(SEARCH("; methodological judgment; ","; "&H26&"; ")),1,0) -> 0 | AC26: =IF(ISNUMBER(SEARCH("; argumentative judgment; ","; "&H26&"; ")),1,0) -> 1 | AD26: =IF(ISNUMBER(SEARCH("; genre/writing expertise; ","; "&H26&"; ")),1,0) -> 1 | AE26: =IF(ISNUMBER(SEARCH("; none; ","; "&H26&"; ")),1,0) -> 0
A27: P7-W1-026 | B27: 26 | C27: Writing log 1 | D27: Why I cannot add files here??? | E27: Evaluation | G27: Evaluative | H27: none | I27: Asks about upload failure; operational troubleshooting rather than research expertise. | J27: AI provides upload troubleshooting advice. | K27: W1 p16 L27-p16 L27 | L27: W1 p16 L29-p16 L34 | N27: Visible next AI response | P27: =IF(OR(E27="Delegation",ISNUMBER(SEARCH("; Delegation; ","; "&F27&"; "))),1,0) -> 0 | Q27: =IF(OR(E27="Directed delegation",ISNUMBER(SEARCH("; Directed delegation; ","; "&F27&"; "))),1,0) -> 0 | R27: =IF(OR(E27="Evaluation",ISNUMBER(SEARCH("; Evaluation; ","; "&F27&"; "))),1,0) -> 1 | S27: =IF(OR(E27="Correction/Challenge",ISNUMBER(SEARCH("; Correction/Challenge; ","; "&F27&"; "))),1,0) -> 0 | T27: =IF(OR(E27="Redirection",ISNUMBER(SEARCH("; Redirection; ","; "&F27&"; "))),1,0) -> 0 | U27: =IF(OR(E27="Knowledge injection",ISNUMBER(SEARCH("; Knowledge injection; ","; "&F27&"; "))),1,0) -> 0 | V27: =IF(OR(E27="Selection/Rejection",ISNUMBER(SEARCH("; Selection/Rejection; ","; "&F27&"; "))),1,0) -> 0 | W27: =IF(OR(E27="Deliberation",ISNUMBER(SEARCH("; Deliberation; ","; "&F27&"; "))),1,0) -> 0 | X27: =SUM(Paper7Coding[[#This Row],[Subject-matter correction]:[Genre/ writing expertise]]) -> 0 | Y27: =IF(ISNUMBER(SEARCH("; domain correction; ","; "&H27&"; ")),1,0) -> 0 | Z27: =IF(ISNUMBER(SEARCH("; conceptual discrimination; ","; "&H27&"; ")),1,0) -> 0 | AA27: =IF(ISNUMBER(SEARCH("; evidence judgment; ","; "&H27&"; ")),1,0) -> 0 | AB27: =IF(ISNUMBER(SEARCH("; methodological judgment; ","; "&H27&"; ")),1,0) -> 0 | AC27: =IF(ISNUMBER(SEARCH("; argumentative judgment; ","; "&H27&"; ")),1,0) -> 0 | AD27: =IF(ISNUMBER(SEARCH("; genre/writing expertise; ","; "&H27&"; ")),1,0) -> 0 | AE27: =IF(ISNUMBER(SEARCH("; none; ","; "&H27&"; ")),1,0) -> 1
A28: P7-W1-027 | B28: 27 | C28: Writing log 1 | D28: I upload 20 PDFs, which are Syllabus of different ISTQB certifications . can you read them? I beleive we should "commend" ISTQB in the paper, that it has so much good technical work | E28: Evaluation | F28: Knowledge injection; Directed delegation | G28: Evaluative | H28: evidence judgment; argumentative judgment | I28: Supplies syllabus documents and interprets their technical work as deserving recognition. | J28: AI claims to have read 20 PDFs and drafts a commendation paragraph. | K28: W1 p16 L36-p16 L37 | L28: W1 p16 L39-p17 L5 | M28: Referenced attachment/material; attachment contents are not separate human turns. | N28: Visible next AI response | O28: AI claims to have reviewed all 20 syllabuses; actual document access and coverage are not demonstrated by this response. | P28: =IF(OR(E28="Delegation",ISNUMBER(SEARCH("; Delegation; ","; "&F28&"; "))),1,0) -> 0 | Q28: =IF(OR(E28="Directed delegation",ISNUMBER(SEARCH("; Directed delegation; ","; "&F28&"; "))),1,0) -> 1 | R28: =IF(OR(E28="Evaluation",ISNUMBER(SEARCH("; Evaluation; ","; "&F28&"; "))),1,0) -> 1 | S28: =IF(OR(E28="Correction/Challenge",ISNUMBER(SEARCH("; Correction/Challenge; ","; "&F28&"; "))),1,0) -> 0 | T28: =IF(OR(E28="Redirection",ISNUMBER(SEARCH("; Redirection; ","; "&F28&"; "))),1,0) -> 0 | U28: =IF(OR(E28="Knowledge injection",ISNUMBER(SEARCH("; Knowledge injection; ","; "&F28&"; "))),1,0) -> 1 | V28: =IF(OR(E28="Selection/Rejection",ISNUMBER(SEARCH("; Selection/Rejection; ","; "&F28&"; "))),1,0) -> 0 | W28: =IF(OR(E28="Deliberation",ISNUMBER(SEARCH("; Deliberation; ","; "&F28&"; "))),1,0) -> 0 | X28: =SUM(Paper7Coding[[#This Row],[Subject-matter correction]:[Genre/ writing expertise]]) -> 2 | Y28: =IF(ISNUMBER(SEARCH("; domain correction; ","; "&H28&"; ")),1,0) -> 0 | Z28: =IF(ISNUMBER(SEARCH("; conceptual discrimination; ","; "&H28&"; ")),1,0) -> 0 | AA28: =IF(ISNUMBER(SEARCH("; evidence judgment; ","; "&H28&"; ")),1,0) -> 1 | AB28: =IF(ISNUMBER(SEARCH("; methodological judgment; ","; "&H28&"; ")),1,0) -> 0 | AC28: =IF(ISNUMBER(SEARCH("; argumentative judgment; ","; "&H28&"; ")),1,0) -> 1 | AD28: =IF(ISNUMBER(SEARCH("; genre/writing expertise; ","; "&H28&"; ")),1,0) -> 0 | AE28: =IF(ISNUMBER(SEARCH("; none; ","; "&H28&"; ")),1,0) -> 0
A29: P7-W1-028 | B29: 28 | C29: Writing log 1 | D29: I beleive we shall make one of the major paper's contributions, the significant technical and pedagogical work of ISTQB. they have somewhat defined industry-standard syllabus and contents for each test role... how shall we do this? | E29: Knowledge injection | F29: Redirection; Deliberation | G29: Deliberative | H29: argumentative judgment | I29: Proposes making technical and pedagogical contributions central and asks how to position them. | J29: AI suggests contribution framing and placement options. | K29: W1 p17 L7-p17 L9 | L29: W1 p17 L11-p17 L28 | N29: Visible next AI response | P29: =IF(OR(E29="Delegation",ISNUMBER(SEARCH("; Delegation; ","; "&F29&"; "))),1,0) -> 0 | Q29: =IF(OR(E29="Directed delegation",ISNUMBER(SEARCH("; Directed delegation; ","; "&F29&"; "))),1,0) -> 0 | R29: =IF(OR(E29="Evaluation",ISNUMBER(SEARCH("; Evaluation; ","; "&F29&"; "))),1,0) -> 0 | S29: =IF(OR(E29="Correction/Challenge",ISNUMBER(SEARCH("; Correction/Challenge; ","; "&F29&"; "))),1,0) -> 0 | T29: =IF(OR(E29="Redirection",ISNUMBER(SEARCH("; Redirection; ","; "&F29&"; "))),1,0) -> 1 | U29: =IF(OR(E29="Knowledge injection",ISNUMBER(SEARCH("; Knowledge injection; ","; "&F29&"; "))),1,0) -> 1 | V29: =IF(OR(E29="Selection/Rejection",ISNUMBER(SEARCH("; Selection/Rejection; ","; "&F29&"; "))),1,0) -> 0 | W29: =IF(OR(E29="Deliberation",ISNUMBER(SEARCH("; Deliberation; ","; "&F29&"; "))),1,0) -> 1 | X29: =SUM(Paper7Coding[[#This Row],[Subject-matter correction]:[Genre/ writing expertise]]) -> 1 | Y29: =IF(ISNUMBER(SEARCH("; domain correction; ","; "&H29&"; ")),1,0) -> 0 | Z29: =IF(ISNUMBER(SEARCH("; conceptual discrimination; ","; "&H29&"; ")),1,0) -> 0 | AA29: =IF(ISNUMBER(SEARCH("; evidence judgment; ","; "&H29&"; ")),1,0) -> 0 | AB29: =IF(ISNUMBER(SEARCH("; methodological judgment; ","; "&H29&"; ")),1,0) -> 0 | AC29: =IF(ISNUMBER(SEARCH("; argumentative judgment; ","; "&H29&"; ")),1,0) -> 1 | AD29: =IF(ISNUMBER(SEARCH("; genre/writing expertise; ","; "&H29&"; ")),1,0) -> 0 | AE29: =IF(ISNUMBER(SEARCH("; none; ","; "&H29&"; ")),1,0) -> 0
A30: P7-W1-029 | B30: 29 | C30: Writing log 1 | D30: I like your term "software testing body of knowledge" (STBoK). use it as many times as possible in the paper! also, I want to insert a new section3, devoted to significant technical and pedagogical work of ISTQB. | E30: Selection/Rejection | F30: Directed delegation; Redirection | G30: Directive | H30: argumentative judgment; genre/writing expertise | I30: Selects STBoK terminology and directs a new substantive Section 3. | J30: AI acknowledges terminology and a new section. | K30: W1 p17 L30-p17 L31 | L30: W1 p17 L33-p17 L35 | N30: Visible next AI response | P30: =IF(OR(E30="Delegation",ISNUMBER(SEARCH("; Delegation; ","; "&F30&"; "))),1,0) -> 0 | Q30: =IF(OR(E30="Directed delegation",ISNUMBER(SEARCH("; Directed delegation; ","; "&F30&"; "))),1,0) -> 1 | R30: =IF(OR(E30="Evaluation",ISNUMBER(SEARCH("; Evaluation; ","; "&F30&"; "))),1,0) -> 0 | S30: =IF(OR(E30="Correction/Challenge",ISNUMBER(SEARCH("; Correction/Challenge; ","; "&F30&"; "))),1,0) -> 0 | T30: =IF(OR(E30="Redirection",ISNUMBER(SEARCH("; Redirection; ","; "&F30&"; "))),1,0) -> 1 | U30: =IF(OR(E30="Knowledge injection",ISNUMBER(SEARCH("; Knowledge injection; ","; "&F30&"; "))),1,0) -> 0 | V30: =IF(OR(E30="Selection/Rejection",ISNUMBER(SEARCH("; Selection/Rejection; ","; "&F30&"; "))),1,0) -> 1 | W30: =IF(OR(E30="Deliberation",ISNUMBER(SEARCH("; Deliberation; ","; "&F30&"; "))),1,0) -> 0 | X30: =SUM(Paper7Coding[[#This Row],[Subject-matter correction]:[Genre/ writing expertise]]) -> 2 | Y30: =IF(ISNUMBER(SEARCH("; domain correction; ","; "&H30&"; ")),1,0) -> 0 | Z30: =IF(ISNUMBER(SEARCH("; conceptual discrimination; ","; "&H30&"; ")),1,0) -> 0 | AA30: =IF(ISNUMBER(SEARCH("; evidence judgment; ","; "&H30&"; ")),1,0) -> 0 | AB30: =IF(ISNUMBER(SEARCH("; methodological judgment; ","; "&H30&"; ")),1,0) -> 0 | AC30: =IF(ISNUMBER(SEARCH("; argumentative judgment; ","; "&H30&"; ")),1,0) -> 1 | AD30: =IF(ISNUMBER(SEARCH("; genre/writing expertise; ","; "&H30&"; ")),1,0) -> 1 | AE30: =IF(ISNUMBER(SEARCH("; none; ","; "&H30&"; ")),1,0) -> 0
A31: P7-W1-030 | B31: 30 | C31: Writing log 1 | D31: give as itemized list, contents of Sec 3 | E31: Directed delegation | G31: Directive | H31: genre/writing expertise | I31: Requests itemized section contents in a specified format. | J31: AI proposes an itemized Section 3 outline. | K31: W1 p17 L37-p17 L37 | L31: W1 p17 L39-p18 L12 | N31: Visible next AI response | P31: =IF(OR(E31="Delegation",ISNUMBER(SEARCH("; Delegation; ","; "&F31&"; "))),1,0) -> 0 | Q31: =IF(OR(E31="Directed delegation",ISNUMBER(SEARCH("; Directed delegation; ","; "&F31&"; "))),1,0) -> 1 | R31: =IF(OR(E31="Evaluation",ISNUMBER(SEARCH("; Evaluation; ","; "&F31&"; "))),1,0) -> 0 | S31: =IF(OR(E31="Correction/Challenge",ISNUMBER(SEARCH("; Correction/Challenge; ","; "&F31&"; "))),1,0) -> 0 | T31: =IF(OR(E31="Redirection",ISNUMBER(SEARCH("; Redirection; ","; "&F31&"; "))),1,0) -> 0 | U31: =IF(OR(E31="Knowledge injection",ISNUMBER(SEARCH("; Knowledge injection; ","; "&F31&"; "))),1,0) -> 0 | V31: =IF(OR(E31="Selection/Rejection",ISNUMBER(SEARCH("; Selection/Rejection; ","; "&F31&"; "))),1,0) -> 0 | W31: =IF(OR(E31="Deliberation",ISNUMBER(SEARCH("; Deliberation; ","; "&F31&"; "))),1,0) -> 0 | X31: =SUM(Paper7Coding[[#This Row],[Subject-matter correction]:[Genre/ writing expertise]]) -> 1 | Y31: =IF(ISNUMBER(SEARCH("; domain correction; ","; "&H31&"; ")),1,0) -> 0 | Z31: =IF(ISNUMBER(SEARCH("; conceptual discrimination; ","; "&H31&"; ")),1,0) -> 0 | AA31: =IF(ISNUMBER(SEARCH("; evidence judgment; ","; "&H31&"; ")),1,0) -> 0 | AB31: =IF(ISNUMBER(SEARCH("; methodological judgment; ","; "&H31&"; ")),1,0) -> 0 | AC31: =IF(ISNUMBER(SEARCH("; argumentative judgment; ","; "&H31&"; ")),1,0) -> 0 | AD31: =IF(ISNUMBER(SEARCH("; genre/writing expertise; ","; "&H31&"; ")),1,0) -> 1 | AE31: =IF(ISNUMBER(SEARCH("; none; ","; "&H31&"; ")),1,0) -> 0
A32: P7-W1-031 | B32: 31 | C32: Writing log 1 | D32: think about better positioning of the results of SYSTEMATIC REVIEW and SURVEY QUESTIONNAIRE to the new Sec 3, that will come after sec 3 | E32: Deliberation | F32: Directed delegation | G32: Deliberative | H32: argumentative judgment; genre/writing expertise | I32: Requests reconsideration of the relationship between the new contextual contribution and empirical results. | J32: AI develops an updated structure and explains positioning. | K32: W1 p18 L14-p18 L15 | L32: W1 p18 L17-p18 L34 | N32: Visible next AI response | P32: =IF(OR(E32="Delegation",ISNUMBER(SEARCH("; Delegation; ","; "&F32&"; "))),1,0) -> 0 | Q32: =IF(OR(E32="Directed delegation",ISNUMBER(SEARCH("; Directed delegation; ","; "&F32&"; "))),1,0) -> 1 | R32: =IF(OR(E32="Evaluation",ISNUMBER(SEARCH("; Evaluation; ","; "&F32&"; "))),1,0) -> 0 | S32: =IF(OR(E32="Correction/Challenge",ISNUMBER(SEARCH("; Correction/Challenge; ","; "&F32&"; "))),1,0) -> 0 | T32: =IF(OR(E32="Redirection",ISNUMBER(SEARCH("; Redirection; ","; "&F32&"; "))),1,0) -> 0 | U32: =IF(OR(E32="Knowledge injection",ISNUMBER(SEARCH("; Knowledge injection; ","; "&F32&"; "))),1,0) -> 0 | V32: =IF(OR(E32="Selection/Rejection",ISNUMBER(SEARCH("; Selection/Rejection; ","; "&F32&"; "))),1,0) -> 0 | W32: =IF(OR(E32="Deliberation",ISNUMBER(SEARCH("; Deliberation; ","; "&F32&"; "))),1,0) -> 1 | X32: =SUM(Paper7Coding[[#This Row],[Subject-matter correction]:[Genre/ writing expertise]]) -> 2 | Y32: =IF(ISNUMBER(SEARCH("; domain correction; ","; "&H32&"; ")),1,0) -> 0 | Z32: =IF(ISNUMBER(SEARCH("; conceptual discrimination; ","; "&H32&"; ")),1,0) -> 0 | AA32: =IF(ISNUMBER(SEARCH("; evidence judgment; ","; "&H32&"; ")),1,0) -> 0 | AB32: =IF(ISNUMBER(SEARCH("; methodological judgment; ","; "&H32&"; ")),1,0) -> 0 | AC32: =IF(ISNUMBER(SEARCH("; argumentative judgment; ","; "&H32&"; ")),1,0) -> 1 | AD32: =IF(ISNUMBER(SEARCH("; genre/writing expertise; ","; "&H32&"; ")),1,0) -> 1 | AE32: =IF(ISNUMBER(SEARCH("; none; ","; "&H32&"; ")),1,0) -> 0
A33: P7-W1-032 | B33: 32 | C33: Writing log 1 | D33: yes | E33: Selection/Rejection | G33: Directive | H33: none | I33: Accepts the offered full renumbered outline. | J33: AI supplies the revised full outline. | K33: W1 p18 L36-p18 L36 | L33: W1 p18 L38-p19 L18 | N33: Visible next AI response | P33: =IF(OR(E33="Delegation",ISNUMBER(SEARCH("; Delegation; ","; "&F33&"; "))),1,0) -> 0 | Q33: =IF(OR(E33="Directed delegation",ISNUMBER(SEARCH("; Directed delegation; ","; "&F33&"; "))),1,0) -> 0 | R33: =IF(OR(E33="Evaluation",ISNUMBER(SEARCH("; Evaluation; ","; "&F33&"; "))),1,0) -> 0 | S33: =IF(OR(E33="Correction/Challenge",ISNUMBER(SEARCH("; Correction/Challenge; ","; "&F33&"; "))),1,0) -> 0 | T33: =IF(OR(E33="Redirection",ISNUMBER(SEARCH("; Redirection; ","; "&F33&"; "))),1,0) -> 0 | U33: =IF(OR(E33="Knowledge injection",ISNUMBER(SEARCH("; Knowledge injection; ","; "&F33&"; "))),1,0) -> 0 | V33: =IF(OR(E33="Selection/Rejection",ISNUMBER(SEARCH("; Selection/Rejection; ","; "&F33&"; "))),1,0) -> 1 | W33: =IF(OR(E33="Deliberation",ISNUMBER(SEARCH("; Deliberation; ","; "&F33&"; "))),1,0) -> 0 | X33: =SUM(Paper7Coding[[#This Row],[Subject-matter correction]:[Genre/ writing expertise]]) -> 0 | Y33: =IF(ISNUMBER(SEARCH("; domain correction; ","; "&H33&"; ")),1,0) -> 0 | Z33: =IF(ISNUMBER(SEARCH("; conceptual discrimination; ","; "&H33&"; ")),1,0) -> 0 | AA33: =IF(ISNUMBER(SEARCH("; evidence judgment; ","; "&H33&"; ")),1,0) -> 0 | AB33: =IF(ISNUMBER(SEARCH("; methodological judgment; ","; "&H33&"; ")),1,0) -> 0 | AC33: =IF(ISNUMBER(SEARCH("; argumentative judgment; ","; "&H33&"; ")),1,0) -> 0 | AD33: =IF(ISNUMBER(SEARCH("; genre/writing expertise; ","; "&H33&"; ")),1,0) -> 0 | AE33: =IF(ISNUMBER(SEARCH("; none; ","; "&H33&"; ")),1,0) -> 1
A34: P7-W1-033 | B34: 33 | C34: Writing log 1 | D34: with the new sec 3 which is now a contribution too, suggest title alternative | E34: Directed delegation | G34: Directive | H34: argumentative judgment; genre/writing expertise | I34: Requires title alternatives to represent the added contribution. | J34: AI generates contribution-aligned title options. | K34: W1 p19 L20-p19 L20 | L34: W1 p19 L22-p19 L32 | N34: Visible next AI response | P34: =IF(OR(E34="Delegation",ISNUMBER(SEARCH("; Delegation; ","; "&F34&"; "))),1,0) -> 0 | Q34: =IF(OR(E34="Directed delegation",ISNUMBER(SEARCH("; Directed delegation; ","; "&F34&"; "))),1,0) -> 1 | R34: =IF(OR(E34="Evaluation",ISNUMBER(SEARCH("; Evaluation; ","; "&F34&"; "))),1,0) -> 0 | S34: =IF(OR(E34="Correction/Challenge",ISNUMBER(SEARCH("; Correction/Challenge; ","; "&F34&"; "))),1,0) -> 0 | T34: =IF(OR(E34="Redirection",ISNUMBER(SEARCH("; Redirection; ","; "&F34&"; "))),1,0) -> 0 | U34: =IF(OR(E34="Knowledge injection",ISNUMBER(SEARCH("; Knowledge injection; ","; "&F34&"; "))),1,0) -> 0 | V34: =IF(OR(E34="Selection/Rejection",ISNUMBER(SEARCH("; Selection/Rejection; ","; "&F34&"; "))),1,0) -> 0 | W34: =IF(OR(E34="Deliberation",ISNUMBER(SEARCH("; Deliberation; ","; "&F34&"; "))),1,0) -> 0 | X34: =SUM(Paper7Coding[[#This Row],[Subject-matter correction]:[Genre/ writing expertise]]) -> 2 | Y34: =IF(ISNUMBER(SEARCH("; domain correction; ","; "&H34&"; ")),1,0) -> 0 | Z34: =IF(ISNUMBER(SEARCH("; conceptual discrimination; ","; "&H34&"; ")),1,0) -> 0 | AA34: =IF(ISNUMBER(SEARCH("; evidence judgment; ","; "&H34&"; ")),1,0) -> 0 | AB34: =IF(ISNUMBER(SEARCH("; methodological judgment; ","; "&H34&"; ")),1,0) -> 0 | AC34: =IF(ISNUMBER(SEARCH("; argumentative judgment; ","; "&H34&"; ")),1,0) -> 1 | AD34: =IF(ISNUMBER(SEARCH("; genre/writing expertise; ","; "&H34&"; ")),1,0) -> 1 | AE34: =IF(ISNUMBER(SEARCH("; none; ","; "&H34&"; ")),1,0) -> 0
A35: P7-W1-034 | B35: 34 | C35: Writing log 1 | D35: think fresh and suggest title alternatuives | E35: Redirection | F35: Directed delegation | G35: Directive | H35: genre/writing expertise | I35: Requests fresh title alternatives after earlier options. | J35: AI produces a new title list. | K35: W1 p19 L34-p19 L34 | L35: W1 p19 L36-p20 L2 | N35: Visible next AI response | P35: =IF(OR(E35="Delegation",ISNUMBER(SEARCH("; Delegation; ","; "&F35&"; "))),1,0) -> 0 | Q35: =IF(OR(E35="Directed delegation",ISNUMBER(SEARCH("; Directed delegation; ","; "&F35&"; "))),1,0) -> 1 | R35: =IF(OR(E35="Evaluation",ISNUMBER(SEARCH("; Evaluation; ","; "&F35&"; "))),1,0) -> 0 | S35: =IF(OR(E35="Correction/Challenge",ISNUMBER(SEARCH("; Correction/Challenge; ","; "&F35&"; "))),1,0) -> 0 | T35: =IF(OR(E35="Redirection",ISNUMBER(SEARCH("; Redirection; ","; "&F35&"; "))),1,0) -> 1 | U35: =IF(OR(E35="Knowledge injection",ISNUMBER(SEARCH("; Knowledge injection; ","; "&F35&"; "))),1,0) -> 0 | V35: =IF(OR(E35="Selection/Rejection",ISNUMBER(SEARCH("; Selection/Rejection; ","; "&F35&"; "))),1,0) -> 0 | W35: =IF(OR(E35="Deliberation",ISNUMBER(SEARCH("; Deliberation; ","; "&F35&"; "))),1,0) -> 0 | X35: =SUM(Paper7Coding[[#This Row],[Subject-matter correction]:[Genre/ writing expertise]]) -> 1 | Y35: =IF(ISNUMBER(SEARCH("; domain correction; ","; "&H35&"; ")),1,0) -> 0 | Z35: =IF(ISNUMBER(SEARCH("; conceptual discrimination; ","; "&H35&"; ")),1,0) -> 0 | AA35: =IF(ISNUMBER(SEARCH("; evidence judgment; ","; "&H35&"; ")),1,0) -> 0 | AB35: =IF(ISNUMBER(SEARCH("; methodological judgment; ","; "&H35&"; ")),1,0) -> 0 | AC35: =IF(ISNUMBER(SEARCH("; argumentative judgment; ","; "&H35&"; ")),1,0) -> 0 | AD35: =IF(ISNUMBER(SEARCH("; genre/writing expertise; ","; "&H35&"; ")),1,0) -> 1 | AE35: =IF(ISNUMBER(SEARCH("; none; ","; "&H35&"; ")),1,0) -> 0
A36: P7-W1-035 | B36: 35 | C36: Writing log 1 | D36: more insightful | E36: Correction/Challenge | F36: Directed delegation | G36: Critical | H36: genre/writing expertise | I36: Judges the titles insufficiently insightful and asks for improvement. | J36: AI proposes more interpretive titles. | K36: W1 p20 L4-p20 L4 | L36: W1 p20 L6-p20 L19 | N36: Visible next AI response | P36: =IF(OR(E36="Delegation",ISNUMBER(SEARCH("; Delegation; ","; "&F36&"; "))),1,0) -> 0 | Q36: =IF(OR(E36="Directed delegation",ISNUMBER(SEARCH("; Directed delegation; ","; "&F36&"; "))),1,0) -> 1 | R36: =IF(OR(E36="Evaluation",ISNUMBER(SEARCH("; Evaluation; ","; "&F36&"; "))),1,0) -> 0 | S36: =IF(OR(E36="Correction/Challenge",ISNUMBER(SEARCH("; Correction/Challenge; ","; "&F36&"; "))),1,0) -> 1 | T36: =IF(OR(E36="Redirection",ISNUMBER(SEARCH("; Redirection; ","; "&F36&"; "))),1,0) -> 0 | U36: =IF(OR(E36="Knowledge injection",ISNUMBER(SEARCH("; Knowledge injection; ","; "&F36&"; "))),1,0) -> 0 | V36: =IF(OR(E36="Selection/Rejection",ISNUMBER(SEARCH("; Selection/Rejection; ","; "&F36&"; "))),1,0) -> 0 | W36: =IF(OR(E36="Deliberation",ISNUMBER(SEARCH("; Deliberation; ","; "&F36&"; "))),1,0) -> 0 | X36: =SUM(Paper7Coding[[#This Row],[Subject-matter correction]:[Genre/ writing expertise]]) -> 1 | Y36: =IF(ISNUMBER(SEARCH("; domain correction; ","; "&H36&"; ")),1,0) -> 0 | Z36: =IF(ISNUMBER(SEARCH("; conceptual discrimination; ","; "&H36&"; ")),1,0) -> 0 | AA36: =IF(ISNUMBER(SEARCH("; evidence judgment; ","; "&H36&"; ")),1,0) -> 0 | AB36: =IF(ISNUMBER(SEARCH("; methodological judgment; ","; "&H36&"; ")),1,0) -> 0 | AC36: =IF(ISNUMBER(SEARCH("; argumentative judgment; ","; "&H36&"; ")),1,0) -> 0 | AD36: =IF(ISNUMBER(SEARCH("; genre/writing expertise; ","; "&H36&"; ")),1,0) -> 1 | AE36: =IF(ISNUMBER(SEARCH("; none; ","; "&H36&"; ")),1,0) -> 0
A37: P7-W1-036 | B37: 36 | C37: Writing log 1 | D37: no need for term global | E37: Selection/Rejection | F37: Directed delegation | G37: Directive | H37: genre/writing expertise | I37: Excludes the word global from the title. | J37: AI provides alternatives without global. | K37: W1 p20 L21-p20 L21 | L37: W1 p20 L23-p20 L31 | N37: Visible next AI response | P37: =IF(OR(E37="Delegation",ISNUMBER(SEARCH("; Delegation; ","; "&F37&"; "))),1,0) -> 0 | Q37: =IF(OR(E37="Directed delegation",ISNUMBER(SEARCH("; Directed delegation; ","; "&F37&"; "))),1,0) -> 1 | R37: =IF(OR(E37="Evaluation",ISNUMBER(SEARCH("; Evaluation; ","; "&F37&"; "))),1,0) -> 0 | S37: =IF(OR(E37="Correction/Challenge",ISNUMBER(SEARCH("; Correction/Challenge; ","; "&F37&"; "))),1,0) -> 0 | T37: =IF(OR(E37="Redirection",ISNUMBER(SEARCH("; Redirection; ","; "&F37&"; "))),1,0) -> 0 | U37: =IF(OR(E37="Knowledge injection",ISNUMBER(SEARCH("; Knowledge injection; ","; "&F37&"; "))),1,0) -> 0 | V37: =IF(OR(E37="Selection/Rejection",ISNUMBER(SEARCH("; Selection/Rejection; ","; "&F37&"; "))),1,0) -> 1 | W37: =IF(OR(E37="Deliberation",ISNUMBER(SEARCH("; Deliberation; ","; "&F37&"; "))),1,0) -> 0 | X37: =SUM(Paper7Coding[[#This Row],[Subject-matter correction]:[Genre/ writing expertise]]) -> 1 | Y37: =IF(ISNUMBER(SEARCH("; domain correction; ","; "&H37&"; ")),1,0) -> 0 | Z37: =IF(ISNUMBER(SEARCH("; conceptual discrimination; ","; "&H37&"; ")),1,0) -> 0 | AA37: =IF(ISNUMBER(SEARCH("; evidence judgment; ","; "&H37&"; ")),1,0) -> 0 | AB37: =IF(ISNUMBER(SEARCH("; methodological judgment; ","; "&H37&"; ")),1,0) -> 0 | AC37: =IF(ISNUMBER(SEARCH("; argumentative judgment; ","; "&H37&"; ")),1,0) -> 0 | AD37: =IF(ISNUMBER(SEARCH("; genre/writing expertise; ","; "&H37&"; ")),1,0) -> 1 | AE37: =IF(ISNUMBER(SEARCH("; none; ","; "&H37&"; ")),1,0) -> 0
A38: P7-W1-037 | B38: 37 | C38: Writing log 1 | D38: I like these terms: Certify and Standardize... use them to give alternative | E38: Selection/Rejection | F38: Directed delegation | G38: Directive | H38: genre/writing expertise | I38: Selects preferred wording and constrains title generation around it. | J38: AI generates Certify and Standardize title alternatives. | K38: W1 p20 L33-p20 L33 | L38: W1 p20 L35-p21 L2 | N38: Visible next AI response | P38: =IF(OR(E38="Delegation",ISNUMBER(SEARCH("; Delegation; ","; "&F38&"; "))),1,0) -> 0 | Q38: =IF(OR(E38="Directed delegation",ISNUMBER(SEARCH("; Directed delegation; ","; "&F38&"; "))),1,0) -> 1 | R38: =IF(OR(E38="Evaluation",ISNUMBER(SEARCH("; Evaluation; ","; "&F38&"; "))),1,0) -> 0 | S38: =IF(OR(E38="Correction/Challenge",ISNUMBER(SEARCH("; Correction/Challenge; ","; "&F38&"; "))),1,0) -> 0 | T38: =IF(OR(E38="Redirection",ISNUMBER(SEARCH("; Redirection; ","; "&F38&"; "))),1,0) -> 0 | U38: =IF(OR(E38="Knowledge injection",ISNUMBER(SEARCH("; Knowledge injection; ","; "&F38&"; "))),1,0) -> 0 | V38: =IF(OR(E38="Selection/Rejection",ISNUMBER(SEARCH("; Selection/Rejection; ","; "&F38&"; "))),1,0) -> 1 | W38: =IF(OR(E38="Deliberation",ISNUMBER(SEARCH("; Deliberation; ","; "&F38&"; "))),1,0) -> 0 | X38: =SUM(Paper7Coding[[#This Row],[Subject-matter correction]:[Genre/ writing expertise]]) -> 1 | Y38: =IF(ISNUMBER(SEARCH("; domain correction; ","; "&H38&"; ")),1,0) -> 0 | Z38: =IF(ISNUMBER(SEARCH("; conceptual discrimination; ","; "&H38&"; ")),1,0) -> 0 | AA38: =IF(ISNUMBER(SEARCH("; evidence judgment; ","; "&H38&"; ")),1,0) -> 0 | AB38: =IF(ISNUMBER(SEARCH("; methodological judgment; ","; "&H38&"; ")),1,0) -> 0 | AC38: =IF(ISNUMBER(SEARCH("; argumentative judgment; ","; "&H38&"; ")),1,0) -> 0 | AD38: =IF(ISNUMBER(SEARCH("; genre/writing expertise; ","; "&H38&"; ")),1,0) -> 1 | AE38: =IF(ISNUMBER(SEARCH("; none; ","; "&H38&"; ")),1,0) -> 0
A39: P7-W1-038 | B39: 38 | C39: Writing log 1 | D39: I choose for now: To Certify and Standardize: A Critical Reflection on ISTQB’s Value, Critique, and Its Role in Shaping Software Testing Body of Knowledge | E39: Selection/Rejection | G39: Directive | H39: none | I39: Chooses a provisional title without a new rationale. | J39: AI acknowledges the chosen title. | K39: W1 p21 L4-p21 L5 | L39: W1 p21 L7-p21 L8 | N39: Visible next AI response | P39: =IF(OR(E39="Delegation",ISNUMBER(SEARCH("; Delegation; ","; "&F39&"; "))),1,0) -> 0 | Q39: =IF(OR(E39="Directed delegation",ISNUMBER(SEARCH("; Directed delegation; ","; "&F39&"; "))),1,0) -> 0 | R39: =IF(OR(E39="Evaluation",ISNUMBER(SEARCH("; Evaluation; ","; "&F39&"; "))),1,0) -> 0 | S39: =IF(OR(E39="Correction/Challenge",ISNUMBER(SEARCH("; Correction/Challenge; ","; "&F39&"; "))),1,0) -> 0 | T39: =IF(OR(E39="Redirection",ISNUMBER(SEARCH("; Redirection; ","; "&F39&"; "))),1,0) -> 0 | U39: =IF(OR(E39="Knowledge injection",ISNUMBER(SEARCH("; Knowledge injection; ","; "&F39&"; "))),1,0) -> 0 | V39: =IF(OR(E39="Selection/Rejection",ISNUMBER(SEARCH("; Selection/Rejection; ","; "&F39&"; "))),1,0) -> 1 | W39: =IF(OR(E39="Deliberation",ISNUMBER(SEARCH("; Deliberation; ","; "&F39&"; "))),1,0) -> 0 | X39: =SUM(Paper7Coding[[#This Row],[Subject-matter correction]:[Genre/ writing expertise]]) -> 0 | Y39: =IF(ISNUMBER(SEARCH("; domain correction; ","; "&H39&"; ")),1,0) -> 0 | Z39: =IF(ISNUMBER(SEARCH("; conceptual discrimination; ","; "&H39&"; ")),1,0) -> 0 | AA39: =IF(ISNUMBER(SEARCH("; evidence judgment; ","; "&H39&"; ")),1,0) -> 0 | AB39: =IF(ISNUMBER(SEARCH("; methodological judgment; ","; "&H39&"; ")),1,0) -> 0 | AC39: =IF(ISNUMBER(SEARCH("; argumentative judgment; ","; "&H39&"; ")),1,0) -> 0 | AD39: =IF(ISNUMBER(SEARCH("; genre/writing expertise; ","; "&H39&"; ")),1,0) -> 0 | AE39: =IF(ISNUMBER(SEARCH("; none; ","; "&H39&"; ")),1,0) -> 1
A40: P7-W1-039 | B40: 39 | C40: Writing log 1 | D40: make the heading shorter | E40: Directed delegation | G40: Directive | H40: genre/writing expertise | I40: Sets brevity as the heading revision criterion. | J40: AI provides shorter section headings. | K40: W1 p21 L10-p21 L10 | L40: W1 p21 L12-p21 L17 | N40: Visible next AI response | P40: =IF(OR(E40="Delegation",ISNUMBER(SEARCH("; Delegation; ","; "&F40&"; "))),1,0) -> 0 | Q40: =IF(OR(E40="Directed delegation",ISNUMBER(SEARCH("; Directed delegation; ","; "&F40&"; "))),1,0) -> 1 | R40: =IF(OR(E40="Evaluation",ISNUMBER(SEARCH("; Evaluation; ","; "&F40&"; "))),1,0) -> 0 | S40: =IF(OR(E40="Correction/Challenge",ISNUMBER(SEARCH("; Correction/Challenge; ","; "&F40&"; "))),1,0) -> 0 | T40: =IF(OR(E40="Redirection",ISNUMBER(SEARCH("; Redirection; ","; "&F40&"; "))),1,0) -> 0 | U40: =IF(OR(E40="Knowledge injection",ISNUMBER(SEARCH("; Knowledge injection; ","; "&F40&"; "))),1,0) -> 0 | V40: =IF(OR(E40="Selection/Rejection",ISNUMBER(SEARCH("; Selection/Rejection; ","; "&F40&"; "))),1,0) -> 0 | W40: =IF(OR(E40="Deliberation",ISNUMBER(SEARCH("; Deliberation; ","; "&F40&"; "))),1,0) -> 0 | X40: =SUM(Paper7Coding[[#This Row],[Subject-matter correction]:[Genre/ writing expertise]]) -> 1 | Y40: =IF(ISNUMBER(SEARCH("; domain correction; ","; "&H40&"; ")),1,0) -> 0 | Z40: =IF(ISNUMBER(SEARCH("; conceptual discrimination; ","; "&H40&"; ")),1,0) -> 0 | AA40: =IF(ISNUMBER(SEARCH("; evidence judgment; ","; "&H40&"; ")),1,0) -> 0 | AB40: =IF(ISNUMBER(SEARCH("; methodological judgment; ","; "&H40&"; ")),1,0) -> 0 | AC40: =IF(ISNUMBER(SEARCH("; argumentative judgment; ","; "&H40&"; ")),1,0) -> 0 | AD40: =IF(ISNUMBER(SEARCH("; genre/writing expertise; ","; "&H40&"; ")),1,0) -> 1 | AE40: =IF(ISNUMBER(SEARCH("; none; ","; "&H40&"; ")),1,0) -> 0
A41: P7-W1-040 | B41: 40 | C41: Writing log 1 | D41: ISTQB has also provided a platform to benchmark SW testers and ease the work of hiring, by standardizing testing knoweledge, add sbusections to Sec 3 about this | E41: Knowledge injection | F41: Directed delegation | G41: Directive | H41: argumentative judgment | I41: Supplies an interpretation of benchmarking and hiring functions and requests its inclusion. | J41: AI adds benchmarking and hiring dimensions to Section 3. | K41: W1 p21 L19-p21 L20 | L41: W1 p21 L22-p21 L35 | N41: Visible next AI response | P41: =IF(OR(E41="Delegation",ISNUMBER(SEARCH("; Delegation; ","; "&F41&"; "))),1,0) -> 0 | Q41: =IF(OR(E41="Directed delegation",ISNUMBER(SEARCH("; Directed delegation; ","; "&F41&"; "))),1,0) -> 1 | R41: =IF(OR(E41="Evaluation",ISNUMBER(SEARCH("; Evaluation; ","; "&F41&"; "))),1,0) -> 0 | S41: =IF(OR(E41="Correction/Challenge",ISNUMBER(SEARCH("; Correction/Challenge; ","; "&F41&"; "))),1,0) -> 0 | T41: =IF(OR(E41="Redirection",ISNUMBER(SEARCH("; Redirection; ","; "&F41&"; "))),1,0) -> 0 | U41: =IF(OR(E41="Knowledge injection",ISNUMBER(SEARCH("; Knowledge injection; ","; "&F41&"; "))),1,0) -> 1 | V41: =IF(OR(E41="Selection/Rejection",ISNUMBER(SEARCH("; Selection/Rejection; ","; "&F41&"; "))),1,0) -> 0 | W41: =IF(OR(E41="Deliberation",ISNUMBER(SEARCH("; Deliberation; ","; "&F41&"; "))),1,0) -> 0 | X41: =SUM(Paper7Coding[[#This Row],[Subject-matter correction]:[Genre/ writing expertise]]) -> 1 | Y41: =IF(ISNUMBER(SEARCH("; domain correction; ","; "&H41&"; ")),1,0) -> 0 | Z41: =IF(ISNUMBER(SEARCH("; conceptual discrimination; ","; "&H41&"; ")),1,0) -> 0 | AA41: =IF(ISNUMBER(SEARCH("; evidence judgment; ","; "&H41&"; ")),1,0) -> 0 | AB41: =IF(ISNUMBER(SEARCH("; methodological judgment; ","; "&H41&"; ")),1,0) -> 0 | AC41: =IF(ISNUMBER(SEARCH("; argumentative judgment; ","; "&H41&"; ")),1,0) -> 1 | AD41: =IF(ISNUMBER(SEARCH("; genre/writing expertise; ","; "&H41&"; ")),1,0) -> 0 | AE41: =IF(ISNUMBER(SEARCH("; none; ","; "&H41&"; ")),1,0) -> 0
A42: P7-W1-041 | B42: 41 | C42: Writing log 1 | D42: I like all others, but this item shall be in the new sec 6 DISCUSSIONS AND IMPLICATIONS | E42: Selection/Rejection | F42: Redirection; Directed delegation | G42: Directive | H42: argumentative judgment; genre/writing expertise | I42: Accepts other items but relocates limitations and gaps to the discussion section. | J42: AI acknowledges the relocation. | K42: W1 p21 L37-p21 L37 | L42: W1 p22 L2-p22 L3 | N42: Visible next AI response | P42: =IF(OR(E42="Delegation",ISNUMBER(SEARCH("; Delegation; ","; "&F42&"; "))),1,0) -> 0 | Q42: =IF(OR(E42="Directed delegation",ISNUMBER(SEARCH("; Directed delegation; ","; "&F42&"; "))),1,0) -> 1 | R42: =IF(OR(E42="Evaluation",ISNUMBER(SEARCH("; Evaluation; ","; "&F42&"; "))),1,0) -> 0 | S42: =IF(OR(E42="Correction/Challenge",ISNUMBER(SEARCH("; Correction/Challenge; ","; "&F42&"; "))),1,0) -> 0 | T42: =IF(OR(E42="Redirection",ISNUMBER(SEARCH("; Redirection; ","; "&F42&"; "))),1,0) -> 1 | U42: =IF(OR(E42="Knowledge injection",ISNUMBER(SEARCH("; Knowledge injection; ","; "&F42&"; "))),1,0) -> 0 | V42: =IF(OR(E42="Selection/Rejection",ISNUMBER(SEARCH("; Selection/Rejection; ","; "&F42&"; "))),1,0) -> 1 | W42: =IF(OR(E42="Deliberation",ISNUMBER(SEARCH("; Deliberation; ","; "&F42&"; "))),1,0) -> 0 | X42: =SUM(Paper7Coding[[#This Row],[Subject-matter correction]:[Genre/ writing expertise]]) -> 2 | Y42: =IF(ISNUMBER(SEARCH("; domain correction; ","; "&H42&"; ")),1,0) -> 0 | Z42: =IF(ISNUMBER(SEARCH("; conceptual discrimination; ","; "&H42&"; ")),1,0) -> 0 | AA42: =IF(ISNUMBER(SEARCH("; evidence judgment; ","; "&H42&"; ")),1,0) -> 0 | AB42: =IF(ISNUMBER(SEARCH("; methodological judgment; ","; "&H42&"; ")),1,0) -> 0 | AC42: =IF(ISNUMBER(SEARCH("; argumentative judgment; ","; "&H42&"; ")),1,0) -> 1 | AD42: =IF(ISNUMBER(SEARCH("; genre/writing expertise; ","; "&H42&"; ")),1,0) -> 1 | AE42: =IF(ISNUMBER(SEARCH("; none; ","; "&H42&"; ")),1,0) -> 0
A43: P7-W1-042 | B43: 42 | C43: Writing log 1 | D43: for the sec 3, shall we choose a research method? | E43: Deliberation | F43: Evaluation | G43: Deliberative | H43: methodological judgment | I43: Questions whether a method should underpin the contribution analysis. | J43: AI recommends evidence-based contextual analysis without a formal empirical method. | K43: W1 p22 L5-p22 L5 | L43: W1 p22 L7-p22 L17 | N43: Visible next AI response | P43: =IF(OR(E43="Delegation",ISNUMBER(SEARCH("; Delegation; ","; "&F43&"; "))),1,0) -> 0 | Q43: =IF(OR(E43="Directed delegation",ISNUMBER(SEARCH("; Directed delegation; ","; "&F43&"; "))),1,0) -> 0 | R43: =IF(OR(E43="Evaluation",ISNUMBER(SEARCH("; Evaluation; ","; "&F43&"; "))),1,0) -> 1 | S43: =IF(OR(E43="Correction/Challenge",ISNUMBER(SEARCH("; Correction/Challenge; ","; "&F43&"; "))),1,0) -> 0 | T43: =IF(OR(E43="Redirection",ISNUMBER(SEARCH("; Redirection; ","; "&F43&"; "))),1,0) -> 0 | U43: =IF(OR(E43="Knowledge injection",ISNUMBER(SEARCH("; Knowledge injection; ","; "&F43&"; "))),1,0) -> 0 | V43: =IF(OR(E43="Selection/Rejection",ISNUMBER(SEARCH("; Selection/Rejection; ","; "&F43&"; "))),1,0) -> 0 | W43: =IF(OR(E43="Deliberation",ISNUMBER(SEARCH("; Deliberation; ","; "&F43&"; "))),1,0) -> 1 | X43: =SUM(Paper7Coding[[#This Row],[Subject-matter correction]:[Genre/ writing expertise]]) -> 1 | Y43: =IF(ISNUMBER(SEARCH("; domain correction; ","; "&H43&"; ")),1,0) -> 0 | Z43: =IF(ISNUMBER(SEARCH("; conceptual discrimination; ","; "&H43&"; ")),1,0) -> 0 | AA43: =IF(ISNUMBER(SEARCH("; evidence judgment; ","; "&H43&"; ")),1,0) -> 0 | AB43: =IF(ISNUMBER(SEARCH("; methodological judgment; ","; "&H43&"; ")),1,0) -> 1 | AC43: =IF(ISNUMBER(SEARCH("; argumentative judgment; ","; "&H43&"; ")),1,0) -> 0 | AD43: =IF(ISNUMBER(SEARCH("; genre/writing expertise; ","; "&H43&"; ")),1,0) -> 0 | AE43: =IF(ISNUMBER(SEARCH("; none; ","; "&H43&"; ")),1,0) -> 0
A44: P7-W1-043 | B44: 43 | C44: Writing log 1 | D44: and also the authors' years of experience since mid 2000's in working with other testers who have ISTQB certificates, intended to apply for them, or in interview panels, which have used ISTQB certificates as a requirement | E44: Knowledge injection | G44: Directive | H44: methodological judgment | I44: Supplies authors' professional experience as an additional basis for contextual analysis. | J44: AI integrates the reported experience into the proposed methods paragraph. | K44: W1 p22 L19-p22 L21 | L44: W1 p22 L23-p22 L31 | N44: Visible next AI response | O44: Professional experience is self-reported. No independent validation or competency level is inferred. | P44: =IF(OR(E44="Delegation",ISNUMBER(SEARCH("; Delegation; ","; "&F44&"; "))),1,0) -> 0 | Q44: =IF(OR(E44="Directed delegation",ISNUMBER(SEARCH("; Directed delegation; ","; "&F44&"; "))),1,0) -> 0 | R44: =IF(OR(E44="Evaluation",ISNUMBER(SEARCH("; Evaluation; ","; "&F44&"; "))),1,0) -> 0 | S44: =IF(OR(E44="Correction/Challenge",ISNUMBER(SEARCH("; Correction/Challenge; ","; "&F44&"; "))),1,0) -> 0 | T44: =IF(OR(E44="Redirection",ISNUMBER(SEARCH("; Redirection; ","; "&F44&"; "))),1,0) -> 0 | U44: =IF(OR(E44="Knowledge injection",ISNUMBER(SEARCH("; Knowledge injection; ","; "&F44&"; "))),1,0) -> 1 | V44: =IF(OR(E44="Selection/Rejection",ISNUMBER(SEARCH("; Selection/Rejection; ","; "&F44&"; "))),1,0) -> 0 | W44: =IF(OR(E44="Deliberation",ISNUMBER(SEARCH("; Deliberation; ","; "&F44&"; "))),1,0) -> 0 | X44: =SUM(Paper7Coding[[#This Row],[Subject-matter correction]:[Genre/ writing expertise]]) -> 1 | Y44: =IF(ISNUMBER(SEARCH("; domain correction; ","; "&H44&"; ")),1,0) -> 0 | Z44: =IF(ISNUMBER(SEARCH("; conceptual discrimination; ","; "&H44&"; ")),1,0) -> 0 | AA44: =IF(ISNUMBER(SEARCH("; evidence judgment; ","; "&H44&"; ")),1,0) -> 0 | AB44: =IF(ISNUMBER(SEARCH("; methodological judgment; ","; "&H44&"; ")),1,0) -> 1 | AC44: =IF(ISNUMBER(SEARCH("; argumentative judgment; ","; "&H44&"; ")),1,0) -> 0 | AD44: =IF(ISNUMBER(SEARCH("; genre/writing expertise; ","; "&H44&"; ")),1,0) -> 0 | AE44: =IF(ISNUMBER(SEARCH("; none; ","; "&H44&"; ")),1,0) -> 0
A45: P7-W1-044 | B45: 44 | C45: Writing log 1 | D45: sec 2 will grow large. give a para for its beginning that its large size is intentional, since our goal is to provide a "solid" background on the issue -- : 2 BACKGROUND AND RELATED WORK 2.1 THE LANDSCAPE OF SE AND SOFTWARE TESTING EDUCATION AND TRAINING 2.2 DIFFERENT PATHS TO BECOME A SOFTWARE T… | E45: Directed delegation | F45: Knowledge injection | G45: Directive | H45: argumentative judgment; genre/writing expertise | I45: Supplies background headings and an explicit rationale for the expanded section. | J45: AI drafts a justification paragraph. | K45: W1 p22 L33-p22 L37 | L45: W1 p22 L39-p23 L6 | M45: Includes supplied outline, draft or previously generated text. | N45: Visible next AI response | P45: =IF(OR(E45="Delegation",ISNUMBER(SEARCH("; Delegation; ","; "&F45&"; "))),1,0) -> 0 | Q45: =IF(OR(E45="Directed delegation",ISNUMBER(SEARCH("; Directed delegation; ","; "&F45&"; "))),1,0) -> 1 | R45: =IF(OR(E45="Evaluation",ISNUMBER(SEARCH("; Evaluation; ","; "&F45&"; "))),1,0) -> 0 | S45: =IF(OR(E45="Correction/Challenge",ISNUMBER(SEARCH("; Correction/Challenge; ","; "&F45&"; "))),1,0) -> 0 | T45: =IF(OR(E45="Redirection",ISNUMBER(SEARCH("; Redirection; ","; "&F45&"; "))),1,0) -> 0 | U45: =IF(OR(E45="Knowledge injection",ISNUMBER(SEARCH("; Knowledge injection; ","; "&F45&"; "))),1,0) -> 1 | V45: =IF(OR(E45="Selection/Rejection",ISNUMBER(SEARCH("; Selection/Rejection; ","; "&F45&"; "))),1,0) -> 0 | W45: =IF(OR(E45="Deliberation",ISNUMBER(SEARCH("; Deliberation; ","; "&F45&"; "))),1,0) -> 0 | X45: =SUM(Paper7Coding[[#This Row],[Subject-matter correction]:[Genre/ writing expertise]]) -> 2 | Y45: =IF(ISNUMBER(SEARCH("; domain correction; ","; "&H45&"; ")),1,0) -> 0 | Z45: =IF(ISNUMBER(SEARCH("; conceptual discrimination; ","; "&H45&"; ")),1,0) -> 0 | AA45: =IF(ISNUMBER(SEARCH("; evidence judgment; ","; "&H45&"; ")),1,0) -> 0 | AB45: =IF(ISNUMBER(SEARCH("; methodological judgment; ","; "&H45&"; ")),1,0) -> 0 | AC45: =IF(ISNUMBER(SEARCH("; argumentative judgment; ","; "&H45&"; ")),1,0) -> 1 | AD45: =IF(ISNUMBER(SEARCH("; genre/writing expertise; ","; "&H45&"; ")),1,0) -> 1 | AE45: =IF(ISNUMBER(SEARCH("; none; ","; "&H45&"; ")),1,0) -> 0
A46: P7-W1-045 | B46: 45 | C46: Writing log 1 | D46: and I added: 2.3 ROLES OF UNIVERSITIES AND INDUSTRY IN TRAINING SOFTWARE TESTERS | E46: Knowledge injection | F46: Directed delegation | G46: Directive | H46: argumentative judgment; genre/writing expertise | I46: Adds university and industry training roles to the background structure. | J46: AI acknowledges the additional subsection. | K46: W1 p23 L8-p23 L8 | L46: W1 p23 L10-p23 L11 | N46: Visible next AI response | P46: =IF(OR(E46="Delegation",ISNUMBER(SEARCH("; Delegation; ","; "&F46&"; "))),1,0) -> 0 | Q46: =IF(OR(E46="Directed delegation",ISNUMBER(SEARCH("; Directed delegation; ","; "&F46&"; "))),1,0) -> 1 | R46: =IF(OR(E46="Evaluation",ISNUMBER(SEARCH("; Evaluation; ","; "&F46&"; "))),1,0) -> 0 | S46: =IF(OR(E46="Correction/Challenge",ISNUMBER(SEARCH("; Correction/Challenge; ","; "&F46&"; "))),1,0) -> 0 | T46: =IF(OR(E46="Redirection",ISNUMBER(SEARCH("; Redirection; ","; "&F46&"; "))),1,0) -> 0 | U46: =IF(OR(E46="Knowledge injection",ISNUMBER(SEARCH("; Knowledge injection; ","; "&F46&"; "))),1,0) -> 1 | V46: =IF(OR(E46="Selection/Rejection",ISNUMBER(SEARCH("; Selection/Rejection; ","; "&F46&"; "))),1,0) -> 0 | W46: =IF(OR(E46="Deliberation",ISNUMBER(SEARCH("; Deliberation; ","; "&F46&"; "))),1,0) -> 0 | X46: =SUM(Paper7Coding[[#This Row],[Subject-matter correction]:[Genre/ writing expertise]]) -> 2 | Y46: =IF(ISNUMBER(SEARCH("; domain correction; ","; "&H46&"; ")),1,0) -> 0 | Z46: =IF(ISNUMBER(SEARCH("; conceptual discrimination; ","; "&H46&"; ")),1,0) -> 0 | AA46: =IF(ISNUMBER(SEARCH("; evidence judgment; ","; "&H46&"; ")),1,0) -> 0 | AB46: =IF(ISNUMBER(SEARCH("; methodological judgment; ","; "&H46&"; ")),1,0) -> 0 | AC46: =IF(ISNUMBER(SEARCH("; argumentative judgment; ","; "&H46&"; ")),1,0) -> 1 | AD46: =IF(ISNUMBER(SEARCH("; genre/writing expertise; ","; "&H46&"; ")),1,0) -> 1 | AE46: =IF(ISNUMBER(SEARCH("; none; ","; "&H46&"; ")),1,0) -> 0
A47: P7-W1-046 | B47: 46 | C47: Writing log 1 | D47: give it | E47: Delegation | G47: Delegative | H47: none | I47: Requests the previously identified subsection without new specification. | J47: AI drafts the university/industry training subsection. | K47: W1 p23 L13-p23 L13 | L47: W1 p23 L15-p23 L31 | N47: Visible next AI response | P47: =IF(OR(E47="Delegation",ISNUMBER(SEARCH("; Delegation; ","; "&F47&"; "))),1,0) -> 1 | Q47: =IF(OR(E47="Directed delegation",ISNUMBER(SEARCH("; Directed delegation; ","; "&F47&"; "))),1,0) -> 0 | R47: =IF(OR(E47="Evaluation",ISNUMBER(SEARCH("; Evaluation; ","; "&F47&"; "))),1,0) -> 0 | S47: =IF(OR(E47="Correction/Challenge",ISNUMBER(SEARCH("; Correction/Challenge; ","; "&F47&"; "))),1,0) -> 0 | T47: =IF(OR(E47="Redirection",ISNUMBER(SEARCH("; Redirection; ","; "&F47&"; "))),1,0) -> 0 | U47: =IF(OR(E47="Knowledge injection",ISNUMBER(SEARCH("; Knowledge injection; ","; "&F47&"; "))),1,0) -> 0 | V47: =IF(OR(E47="Selection/Rejection",ISNUMBER(SEARCH("; Selection/Rejection; ","; "&F47&"; "))),1,0) -> 0 | W47: =IF(OR(E47="Deliberation",ISNUMBER(SEARCH("; Deliberation; ","; "&F47&"; "))),1,0) -> 0 | X47: =SUM(Paper7Coding[[#This Row],[Subject-matter correction]:[Genre/ writing expertise]]) -> 0 | Y47: =IF(ISNUMBER(SEARCH("; domain correction; ","; "&H47&"; ")),1,0) -> 0 | Z47: =IF(ISNUMBER(SEARCH("; conceptual discrimination; ","; "&H47&"; ")),1,0) -> 0 | AA47: =IF(ISNUMBER(SEARCH("; evidence judgment; ","; "&H47&"; ")),1,0) -> 0 | AB47: =IF(ISNUMBER(SEARCH("; methodological judgment; ","; "&H47&"; ")),1,0) -> 0 | AC47: =IF(ISNUMBER(SEARCH("; argumentative judgment; ","; "&H47&"; ")),1,0) -> 0 | AD47: =IF(ISNUMBER(SEARCH("; genre/writing expertise; ","; "&H47&"; ")),1,0) -> 0 | AE47: =IF(ISNUMBER(SEARCH("; none; ","; "&H47&"; ")),1,0) -> 1
A48: P7-W1-047 | B48: 47 | C48: Writing log 1 | D48: regive ve paragraph at the beginning of Section 2 to justify its expanded scope | E48: Directed delegation | G48: Directive | H48: genre/writing expertise | I48: Requests regeneration of the background justification to reflect the expanded structure. | J48: AI updates the justification paragraph. | K48: W1 p23 L33-p23 L33 | L48: W1 p23 L35-p24 L4 | N48: Visible next AI response | P48: =IF(OR(E48="Delegation",ISNUMBER(SEARCH("; Delegation; ","; "&F48&"; "))),1,0) -> 0 | Q48: =IF(OR(E48="Directed delegation",ISNUMBER(SEARCH("; Directed delegation; ","; "&F48&"; "))),1,0) -> 1 | R48: =IF(OR(E48="Evaluation",ISNUMBER(SEARCH("; Evaluation; ","; "&F48&"; "))),1,0) -> 0 | S48: =IF(OR(E48="Correction/Challenge",ISNUMBER(SEARCH("; Correction/Challenge; ","; "&F48&"; "))),1,0) -> 0 | T48: =IF(OR(E48="Redirection",ISNUMBER(SEARCH("; Redirection; ","; "&F48&"; "))),1,0) -> 0 | U48: =IF(OR(E48="Knowledge injection",ISNUMBER(SEARCH("; Knowledge injection; ","; "&F48&"; "))),1,0) -> 0 | V48: =IF(OR(E48="Selection/Rejection",ISNUMBER(SEARCH("; Selection/Rejection; ","; "&F48&"; "))),1,0) -> 0 | W48: =IF(OR(E48="Deliberation",ISNUMBER(SEARCH("; Deliberation; ","; "&F48&"; "))),1,0) -> 0 | X48: =SUM(Paper7Coding[[#This Row],[Subject-matter correction]:[Genre/ writing expertise]]) -> 1 | Y48: =IF(ISNUMBER(SEARCH("; domain correction; ","; "&H48&"; ")),1,0) -> 0 | Z48: =IF(ISNUMBER(SEARCH("; conceptual discrimination; ","; "&H48&"; ")),1,0) -> 0 | AA48: =IF(ISNUMBER(SEARCH("; evidence judgment; ","; "&H48&"; ")),1,0) -> 0 | AB48: =IF(ISNUMBER(SEARCH("; methodological judgment; ","; "&H48&"; ")),1,0) -> 0 | AC48: =IF(ISNUMBER(SEARCH("; argumentative judgment; ","; "&H48&"; ")),1,0) -> 0 | AD48: =IF(ISNUMBER(SEARCH("; genre/writing expertise; ","; "&H48&"; ")),1,0) -> 1 | AE48: =IF(ISNUMBER(SEARCH("; none; ","; "&H48&"; ")),1,0) -> 0
A49: P7-W1-048 | B49: 48 | C49: Writing log 1 | D49: let's start. give text of sec 1 | E49: Delegation | G49: Delegative | H49: none | I49: Requests Section 1 drafting; prior accumulated context remains relevant but no new substantive constraints. | J49: AI drafts the Introduction. | K49: W1 p24 L6-p24 L6 | L49: W1 p24 L8-p24 L34 | N49: Visible next AI response | P49: =IF(OR(E49="Delegation",ISNUMBER(SEARCH("; Delegation; ","; "&F49&"; "))),1,0) -> 1 | Q49: =IF(OR(E49="Directed delegation",ISNUMBER(SEARCH("; Directed delegation; ","; "&F49&"; "))),1,0) -> 0 | R49: =IF(OR(E49="Evaluation",ISNUMBER(SEARCH("; Evaluation; ","; "&F49&"; "))),1,0) -> 0 | S49: =IF(OR(E49="Correction/Challenge",ISNUMBER(SEARCH("; Correction/Challenge; ","; "&F49&"; "))),1,0) -> 0 | T49: =IF(OR(E49="Redirection",ISNUMBER(SEARCH("; Redirection; ","; "&F49&"; "))),1,0) -> 0 | U49: =IF(OR(E49="Knowledge injection",ISNUMBER(SEARCH("; Knowledge injection; ","; "&F49&"; "))),1,0) -> 0 | V49: =IF(OR(E49="Selection/Rejection",ISNUMBER(SEARCH("; Selection/Rejection; ","; "&F49&"; "))),1,0) -> 0 | W49: =IF(OR(E49="Deliberation",ISNUMBER(SEARCH("; Deliberation; ","; "&F49&"; "))),1,0) -> 0 | X49: =SUM(Paper7Coding[[#This Row],[Subject-matter correction]:[Genre/ writing expertise]]) -> 0 | Y49: =IF(ISNUMBER(SEARCH("; domain correction; ","; "&H49&"; ")),1,0) -> 0 | Z49: =IF(ISNUMBER(SEARCH("; conceptual discrimination; ","; "&H49&"; ")),1,0) -> 0 | AA49: =IF(ISNUMBER(SEARCH("; evidence judgment; ","; "&H49&"; ")),1,0) -> 0 | AB49: =IF(ISNUMBER(SEARCH("; methodological judgment; ","; "&H49&"; ")),1,0) -> 0 | AC49: =IF(ISNUMBER(SEARCH("; argumentative judgment; ","; "&H49&"; ")),1,0) -> 0 | AD49: =IF(ISNUMBER(SEARCH("; genre/writing expertise; ","; "&H49&"; ")),1,0) -> 0 | AE49: =IF(ISNUMBER(SEARCH("; none; ","; "&H49&"; ")),1,0) -> 1
A50: P7-W1-049 | B50: 49 | C50: Writing log 1 | D50: Q in istqb is for: qualifications. use "qualifications" too. also change the flow to say positive stuff abuot it, before getting into: "Despite its widespread adoption, ISTQB has been subject..." | E50: Correction/Challenge | F50: Knowledge injection; Directed delegation; Redirection | G50: Critical | H50: domain correction; argumentative judgment; genre/writing expertise | I50: Corrects qualifications terminology and changes the argumentative order to present positives first. | J50: AI revises terminology and introductory flow. | K50: W1 p24 L36-p24 L37 | L50: W1 p24 L39-p25 L27 | N50: Visible next AI response | P50: =IF(OR(E50="Delegation",ISNUMBER(SEARCH("; Delegation; ","; "&F50&"; "))),1,0) -> 0 | Q50: =IF(OR(E50="Directed delegation",ISNUMBER(SEARCH("; Directed delegation; ","; "&F50&"; "))),1,0) -> 1 | R50: =IF(OR(E50="Evaluation",ISNUMBER(SEARCH("; Evaluation; ","; "&F50&"; "))),1,0) -> 0 | S50: =IF(OR(E50="Correction/Challenge",ISNUMBER(SEARCH("; Correction/Challenge; ","; "&F50&"; "))),1,0) -> 1 | T50: =IF(OR(E50="Redirection",ISNUMBER(SEARCH("; Redirection; ","; "&F50&"; "))),1,0) -> 1 | U50: =IF(OR(E50="Knowledge injection",ISNUMBER(SEARCH("; Knowledge injection; ","; "&F50&"; "))),1,0) -> 1 | V50: =IF(OR(E50="Selection/Rejection",ISNUMBER(SEARCH("; Selection/Rejection; ","; "&F50&"; "))),1,0) -> 0 | W50: =IF(OR(E50="Deliberation",ISNUMBER(SEARCH("; Deliberation; ","; "&F50&"; "))),1,0) -> 0 | X50: =SUM(Paper7Coding[[#This Row],[Subject-matter correction]:[Genre/ writing expertise]]) -> 3 | Y50: =IF(ISNUMBER(SEARCH("; domain correction; ","; "&H50&"; ")),1,0) -> 1 | Z50: =IF(ISNUMBER(SEARCH("; conceptual discrimination; ","; "&H50&"; ")),1,0) -> 0 | AA50: =IF(ISNUMBER(SEARCH("; evidence judgment; ","; "&H50&"; ")),1,0) -> 0 | AB50: =IF(ISNUMBER(SEARCH("; methodological judgment; ","; "&H50&"; ")),1,0) -> 0 | AC50: =IF(ISNUMBER(SEARCH("; argumentative judgment; ","; "&H50&"; ")),1,0) -> 1 | AD50: =IF(ISNUMBER(SEARCH("; genre/writing expertise; ","; "&H50&"; ")),1,0) -> 1 | AE50: =IF(ISNUMBER(SEARCH("; none; ","; "&H50&"; ")),1,0) -> 0
A51: P7-W1-050 | B51: 50 | C51: Writing log 1 | D51: you say the STBoK, but that term is not established. and perhaps we are coining it in this paper. I did a Google search and can see that a few online pages use the terms, but I had never heard it | E51: Correction/Challenge | F51: Knowledge injection | G51: Critical | H51: domain correction; evidence judgment; argumentative judgment | I51: Challenges treatment of STBoK as established, supplies a reported search and qualifies novelty. | J51: AI agrees to define STBoK as an emerging framing. | K51: W1 p25 L29-p25 L30 | L51: W1 p25 L32-p25 L34 | N51: Visible next AI response | O51: Reported Google search is human testimony. This coding does not establish who coined STBoK. | P51: =IF(OR(E51="Delegation",ISNUMBER(SEARCH("; Delegation; ","; "&F51&"; "))),1,0) -> 0 | Q51: =IF(OR(E51="Directed delegation",ISNUMBER(SEARCH("; Directed delegation; ","; "&F51&"; "))),1,0) -> 0 | R51: =IF(OR(E51="Evaluation",ISNUMBER(SEARCH("; Evaluation; ","; "&F51&"; "))),1,0) -> 0 | S51: =IF(OR(E51="Correction/Challenge",ISNUMBER(SEARCH("; Correction/Challenge; ","; "&F51&"; "))),1,0) -> 1 | T51: =IF(OR(E51="Redirection",ISNUMBER(SEARCH("; Redirection; ","; "&F51&"; "))),1,0) -> 0 | U51: =IF(OR(E51="Knowledge injection",ISNUMBER(SEARCH("; Knowledge injection; ","; "&F51&"; "))),1,0) -> 1 | V51: =IF(OR(E51="Selection/Rejection",ISNUMBER(SEARCH("; Selection/Rejection; ","; "&F51&"; "))),1,0) -> 0 | W51: =IF(OR(E51="Deliberation",ISNUMBER(SEARCH("; Deliberation; ","; "&F51&"; "))),1,0) -> 0 | X51: =SUM(Paper7Coding[[#This Row],[Subject-matter correction]:[Genre/ writing expertise]]) -> 3 | Y51: =IF(ISNUMBER(SEARCH("; domain correction; ","; "&H51&"; ")),1,0) -> 1 | Z51: =IF(ISNUMBER(SEARCH("; conceptual discrimination; ","; "&H51&"; ")),1,0) -> 0 | AA51: =IF(ISNUMBER(SEARCH("; evidence judgment; ","; "&H51&"; ")),1,0) -> 1 | AB51: =IF(ISNUMBER(SEARCH("; methodological judgment; ","; "&H51&"; ")),1,0) -> 0 | AC51: =IF(ISNUMBER(SEARCH("; argumentative judgment; ","; "&H51&"; ")),1,0) -> 1 | AD51: =IF(ISNUMBER(SEARCH("; genre/writing expertise; ","; "&H51&"; ")),1,0) -> 0 | AE51: =IF(ISNUMBER(SEARCH("; none; ","; "&H51&"; ")),1,0) -> 0
A52: P7-W1-051 | B52: 51 | C52: Writing log 1 | D52: yes | E52: Selection/Rejection | G52: Directive | H52: none | I52: Accepts the offered revision reflecting the preceding terminology qualification. | J52: AI revises the STBoK introduction paragraph. | K52: W1 p25 L36-p25 L36 | L52: W1 p25 L38-p26 L2 | N52: Visible next AI response | P52: =IF(OR(E52="Delegation",ISNUMBER(SEARCH("; Delegation; ","; "&F52&"; "))),1,0) -> 0 | Q52: =IF(OR(E52="Directed delegation",ISNUMBER(SEARCH("; Directed delegation; ","; "&F52&"; "))),1,0) -> 0 | R52: =IF(OR(E52="Evaluation",ISNUMBER(SEARCH("; Evaluation; ","; "&F52&"; "))),1,0) -> 0 | S52: =IF(OR(E52="Correction/Challenge",ISNUMBER(SEARCH("; Correction/Challenge; ","; "&F52&"; "))),1,0) -> 0 | T52: =IF(OR(E52="Redirection",ISNUMBER(SEARCH("; Redirection; ","; "&F52&"; "))),1,0) -> 0 | U52: =IF(OR(E52="Knowledge injection",ISNUMBER(SEARCH("; Knowledge injection; ","; "&F52&"; "))),1,0) -> 0 | V52: =IF(OR(E52="Selection/Rejection",ISNUMBER(SEARCH("; Selection/Rejection; ","; "&F52&"; "))),1,0) -> 1 | W52: =IF(OR(E52="Deliberation",ISNUMBER(SEARCH("; Deliberation; ","; "&F52&"; "))),1,0) -> 0 | X52: =SUM(Paper7Coding[[#This Row],[Subject-matter correction]:[Genre/ writing expertise]]) -> 0 | Y52: =IF(ISNUMBER(SEARCH("; domain correction; ","; "&H52&"; ")),1,0) -> 0 | Z52: =IF(ISNUMBER(SEARCH("; conceptual discrimination; ","; "&H52&"; ")),1,0) -> 0 | AA52: =IF(ISNUMBER(SEARCH("; evidence judgment; ","; "&H52&"; ")),1,0) -> 0 | AB52: =IF(ISNUMBER(SEARCH("; methodological judgment; ","; "&H52&"; ")),1,0) -> 0 | AC52: =IF(ISNUMBER(SEARCH("; argumentative judgment; ","; "&H52&"; ")),1,0) -> 0 | AD52: =IF(ISNUMBER(SEARCH("; genre/writing expertise; ","; "&H52&"; ")),1,0) -> 0 | AE52: =IF(ISNUMBER(SEARCH("; none; ","; "&H52&"; ")),1,0) -> 1
A53: P7-W1-052 | B53: 52 | C53: Writing log 1 | D53: researchers will not like this phrase, as they will say that 100's of books and 10000's of papers are already published abuot testing. | E53: Correction/Challenge | F53: Knowledge injection; Redirection | G53: Critical | H53: domain correction; argumentative judgment | I53: Challenges an implied knowledge-creation claim by invoking the existing testing literature. | J53: AI reframes ISTQB's role as structuring existing knowledge. | K53: W1 p26 L4-p26 L5 | L53: W1 p26 L7-p26 L14 | N53: Visible next AI response | P53: =IF(OR(E53="Delegation",ISNUMBER(SEARCH("; Delegation; ","; "&F53&"; "))),1,0) -> 0 | Q53: =IF(OR(E53="Directed delegation",ISNUMBER(SEARCH("; Directed delegation; ","; "&F53&"; "))),1,0) -> 0 | R53: =IF(OR(E53="Evaluation",ISNUMBER(SEARCH("; Evaluation; ","; "&F53&"; "))),1,0) -> 0 | S53: =IF(OR(E53="Correction/Challenge",ISNUMBER(SEARCH("; Correction/Challenge; ","; "&F53&"; "))),1,0) -> 1 | T53: =IF(OR(E53="Redirection",ISNUMBER(SEARCH("; Redirection; ","; "&F53&"; "))),1,0) -> 1 | U53: =IF(OR(E53="Knowledge injection",ISNUMBER(SEARCH("; Knowledge injection; ","; "&F53&"; "))),1,0) -> 1 | V53: =IF(OR(E53="Selection/Rejection",ISNUMBER(SEARCH("; Selection/Rejection; ","; "&F53&"; "))),1,0) -> 0 | W53: =IF(OR(E53="Deliberation",ISNUMBER(SEARCH("; Deliberation; ","; "&F53&"; "))),1,0) -> 0 | X53: =SUM(Paper7Coding[[#This Row],[Subject-matter correction]:[Genre/ writing expertise]]) -> 2 | Y53: =IF(ISNUMBER(SEARCH("; domain correction; ","; "&H53&"; ")),1,0) -> 1 | Z53: =IF(ISNUMBER(SEARCH("; conceptual discrimination; ","; "&H53&"; ")),1,0) -> 0 | AA53: =IF(ISNUMBER(SEARCH("; evidence judgment; ","; "&H53&"; ")),1,0) -> 0 | AB53: =IF(ISNUMBER(SEARCH("; methodological judgment; ","; "&H53&"; ")),1,0) -> 0 | AC53: =IF(ISNUMBER(SEARCH("; argumentative judgment; ","; "&H53&"; ")),1,0) -> 1 | AD53: =IF(ISNUMBER(SEARCH("; genre/writing expertise; ","; "&H53&"; ")),1,0) -> 0 | AE53: =IF(ISNUMBER(SEARCH("; none; ","; "&H53&"; ")),1,0) -> 0
A54: P7-W1-053 | B54: 53 | C54: Writing log 1 | D54: revise the entire sec 1, based on my above comment | E54: Directed delegation | G54: Directive | H54: argumentative judgment; genre/writing expertise | I54: Extends the preceding overclaim correction to the entire Introduction. | J54: AI supplies a revised Introduction acknowledging prior work. | K54: W1 p26 L16-p26 L16 | L54: W1 p26 L18-p27 L10 | N54: Visible next AI response | P54: =IF(OR(E54="Delegation",ISNUMBER(SEARCH("; Delegation; ","; "&F54&"; "))),1,0) -> 0 | Q54: =IF(OR(E54="Directed delegation",ISNUMBER(SEARCH("; Directed delegation; ","; "&F54&"; "))),1,0) -> 1 | R54: =IF(OR(E54="Evaluation",ISNUMBER(SEARCH("; Evaluation; ","; "&F54&"; "))),1,0) -> 0 | S54: =IF(OR(E54="Correction/Challenge",ISNUMBER(SEARCH("; Correction/Challenge; ","; "&F54&"; "))),1,0) -> 0 | T54: =IF(OR(E54="Redirection",ISNUMBER(SEARCH("; Redirection; ","; "&F54&"; "))),1,0) -> 0 | U54: =IF(OR(E54="Knowledge injection",ISNUMBER(SEARCH("; Knowledge injection; ","; "&F54&"; "))),1,0) -> 0 | V54: =IF(OR(E54="Selection/Rejection",ISNUMBER(SEARCH("; Selection/Rejection; ","; "&F54&"; "))),1,0) -> 0 | W54: =IF(OR(E54="Deliberation",ISNUMBER(SEARCH("; Deliberation; ","; "&F54&"; "))),1,0) -> 0 | X54: =SUM(Paper7Coding[[#This Row],[Subject-matter correction]:[Genre/ writing expertise]]) -> 2 | Y54: =IF(ISNUMBER(SEARCH("; domain correction; ","; "&H54&"; ")),1,0) -> 0 | Z54: =IF(ISNUMBER(SEARCH("; conceptual discrimination; ","; "&H54&"; ")),1,0) -> 0 | AA54: =IF(ISNUMBER(SEARCH("; evidence judgment; ","; "&H54&"; ")),1,0) -> 0 | AB54: =IF(ISNUMBER(SEARCH("; methodological judgment; ","; "&H54&"; ")),1,0) -> 0 | AC54: =IF(ISNUMBER(SEARCH("; argumentative judgment; ","; "&H54&"; ")),1,0) -> 1 | AD54: =IF(ISNUMBER(SEARCH("; genre/writing expertise; ","; "&H54&"; ")),1,0) -> 1 | AE54: =IF(ISNUMBER(SEARCH("; none; ","; "&H54&"; ")),1,0) -> 0
A55: P7-W1-054 | B55: 54 | C55: Writing log 1 | D55: do a deep research, and find any online sources ( blogs, videos, pages, etc) which have shared insights / experiences positive or negative about istqb and istqb certifications | E55: Directed delegation | G55: Directive | H55: methodological judgment | I55: Specifies research on positive and negative experiences across online source forms. | J55: AI requests source and language clarification. | K55: W1 p27 L12-p27 L13 | L55: W1 p27 L15-p27 L19 | N55: Visible next AI response | P55: =IF(OR(E55="Delegation",ISNUMBER(SEARCH("; Delegation; ","; "&F55&"; "))),1,0) -> 0 | Q55: =IF(OR(E55="Directed delegation",ISNUMBER(SEARCH("; Directed delegation; ","; "&F55&"; "))),1,0) -> 1 | R55: =IF(OR(E55="Evaluation",ISNUMBER(SEARCH("; Evaluation; ","; "&F55&"; "))),1,0) -> 0 | S55: =IF(OR(E55="Correction/Challenge",ISNUMBER(SEARCH("; Correction/Challenge; ","; "&F55&"; "))),1,0) -> 0 | T55: =IF(OR(E55="Redirection",ISNUMBER(SEARCH("; Redirection; ","; "&F55&"; "))),1,0) -> 0 | U55: =IF(OR(E55="Knowledge injection",ISNUMBER(SEARCH("; Knowledge injection; ","; "&F55&"; "))),1,0) -> 0 | V55: =IF(OR(E55="Selection/Rejection",ISNUMBER(SEARCH("; Selection/Rejection; ","; "&F55&"; "))),1,0) -> 0 | W55: =IF(OR(E55="Deliberation",ISNUMBER(SEARCH("; Deliberation; ","; "&F55&"; "))),1,0) -> 0 | X55: =SUM(Paper7Coding[[#This Row],[Subject-matter correction]:[Genre/ writing expertise]]) -> 1 | Y55: =IF(ISNUMBER(SEARCH("; domain correction; ","; "&H55&"; ")),1,0) -> 0 | Z55: =IF(ISNUMBER(SEARCH("; conceptual discrimination; ","; "&H55&"; ")),1,0) -> 0 | AA55: =IF(ISNUMBER(SEARCH("; evidence judgment; ","; "&H55&"; ")),1,0) -> 0 | AB55: =IF(ISNUMBER(SEARCH("; methodological judgment; ","; "&H55&"; ")),1,0) -> 1 | AC55: =IF(ISNUMBER(SEARCH("; argumentative judgment; ","; "&H55&"; ")),1,0) -> 0 | AD55: =IF(ISNUMBER(SEARCH("; genre/writing expertise; ","; "&H55&"; ")),1,0) -> 0 | AE55: =IF(ISNUMBER(SEARCH("; none; ","; "&H55&"; ")),1,0) -> 0
A56: P7-W1-055 | B56: 55 | C56: Writing log 1 | D56: training providers and educators may just do sales pitch. I do not want those . only English . both academic and grey literature | E56: Selection/Rejection | F56: Directed delegation; Redirection | G56: Directive | H56: evidence judgment; methodological judgment | I56: Excludes potentially promotional providers, sets English-only scope and includes academic and grey literature. | J56: AI reports a practitioner-source search and synthesis. | K56: W1 p27 L21-p27 L22 | L56: W1 p27 L24-p29 L24 | N56: Visible next AI response | P56: =IF(OR(E56="Delegation",ISNUMBER(SEARCH("; Delegation; ","; "&F56&"; "))),1,0) -> 0 | Q56: =IF(OR(E56="Directed delegation",ISNUMBER(SEARCH("; Directed delegation; ","; "&F56&"; "))),1,0) -> 1 | R56: =IF(OR(E56="Evaluation",ISNUMBER(SEARCH("; Evaluation; ","; "&F56&"; "))),1,0) -> 0 | S56: =IF(OR(E56="Correction/Challenge",ISNUMBER(SEARCH("; Correction/Challenge; ","; "&F56&"; "))),1,0) -> 0 | T56: =IF(OR(E56="Redirection",ISNUMBER(SEARCH("; Redirection; ","; "&F56&"; "))),1,0) -> 1 | U56: =IF(OR(E56="Knowledge injection",ISNUMBER(SEARCH("; Knowledge injection; ","; "&F56&"; "))),1,0) -> 0 | V56: =IF(OR(E56="Selection/Rejection",ISNUMBER(SEARCH("; Selection/Rejection; ","; "&F56&"; "))),1,0) -> 1 | W56: =IF(OR(E56="Deliberation",ISNUMBER(SEARCH("; Deliberation; ","; "&F56&"; "))),1,0) -> 0 | X56: =SUM(Paper7Coding[[#This Row],[Subject-matter correction]:[Genre/ writing expertise]]) -> 2 | Y56: =IF(ISNUMBER(SEARCH("; domain correction; ","; "&H56&"; ")),1,0) -> 0 | Z56: =IF(ISNUMBER(SEARCH("; conceptual discrimination; ","; "&H56&"; ")),1,0) -> 0 | AA56: =IF(ISNUMBER(SEARCH("; evidence judgment; ","; "&H56&"; ")),1,0) -> 1 | AB56: =IF(ISNUMBER(SEARCH("; methodological judgment; ","; "&H56&"; ")),1,0) -> 1 | AC56: =IF(ISNUMBER(SEARCH("; argumentative judgment; ","; "&H56&"; ")),1,0) -> 0 | AD56: =IF(ISNUMBER(SEARCH("; genre/writing expertise; ","; "&H56&"; ")),1,0) -> 0 | AE56: =IF(ISNUMBER(SEARCH("; none; ","; "&H56&"; ")),1,0) -> 0
A57: P7-W1-056 | B57: 56 | C57: Writing log 1 | D57: single word for "Positive comments "? give many alternatives | E57: Directed delegation | G57: Directive | H57: genre/writing expertise | I57: Requests single-word alternatives for a research label. | J57: AI provides vocabulary alternatives. | K57: W1 p29 L26-p29 L26 | L57: W1 p29 L28-p29 L32 | N57: Visible next AI response | P57: =IF(OR(E57="Delegation",ISNUMBER(SEARCH("; Delegation; ","; "&F57&"; "))),1,0) -> 0 | Q57: =IF(OR(E57="Directed delegation",ISNUMBER(SEARCH("; Directed delegation; ","; "&F57&"; "))),1,0) -> 1 | R57: =IF(OR(E57="Evaluation",ISNUMBER(SEARCH("; Evaluation; ","; "&F57&"; "))),1,0) -> 0 | S57: =IF(OR(E57="Correction/Challenge",ISNUMBER(SEARCH("; Correction/Challenge; ","; "&F57&"; "))),1,0) -> 0 | T57: =IF(OR(E57="Redirection",ISNUMBER(SEARCH("; Redirection; ","; "&F57&"; "))),1,0) -> 0 | U57: =IF(OR(E57="Knowledge injection",ISNUMBER(SEARCH("; Knowledge injection; ","; "&F57&"; "))),1,0) -> 0 | V57: =IF(OR(E57="Selection/Rejection",ISNUMBER(SEARCH("; Selection/Rejection; ","; "&F57&"; "))),1,0) -> 0 | W57: =IF(OR(E57="Deliberation",ISNUMBER(SEARCH("; Deliberation; ","; "&F57&"; "))),1,0) -> 0 | X57: =SUM(Paper7Coding[[#This Row],[Subject-matter correction]:[Genre/ writing expertise]]) -> 1 | Y57: =IF(ISNUMBER(SEARCH("; domain correction; ","; "&H57&"; ")),1,0) -> 0 | Z57: =IF(ISNUMBER(SEARCH("; conceptual discrimination; ","; "&H57&"; ")),1,0) -> 0 | AA57: =IF(ISNUMBER(SEARCH("; evidence judgment; ","; "&H57&"; ")),1,0) -> 0 | AB57: =IF(ISNUMBER(SEARCH("; methodological judgment; ","; "&H57&"; ")),1,0) -> 0 | AC57: =IF(ISNUMBER(SEARCH("; argumentative judgment; ","; "&H57&"; ")),1,0) -> 0 | AD57: =IF(ISNUMBER(SEARCH("; genre/writing expertise; ","; "&H57&"; ")),1,0) -> 1 | AE57: =IF(ISNUMBER(SEARCH("; none; ","; "&H57&"; ")),1,0) -> 0
A58: P7-W1-057 | B58: 57 | C58: Writing log 1 | D58: Let's resume work on this paper. I attach the latest version of the paper. I need to make some improvements to the introduction section.In the narrative of the introduction, starting from the first paragraph, I want to also add that we mentioned there are different paths to taking software testin… | E58: Directed delegation | F58: Knowledge injection | G58: Directive | H58: argumentative judgment; genre/writing expertise | I58: Supplies a draft and a specific narrative argument about diverse routes into testing roles. | J58: AI revises the opening paragraph. | K58: W1 p29 L34-p29 L39 | L58: W1 p30 L2-p30 L14 | M58: Referenced attachment/material; attachment contents are not separate human turns. | N58: Visible next AI response | P58: =IF(OR(E58="Delegation",ISNUMBER(SEARCH("; Delegation; ","; "&F58&"; "))),1,0) -> 0 | Q58: =IF(OR(E58="Directed delegation",ISNUMBER(SEARCH("; Directed delegation; ","; "&F58&"; "))),1,0) -> 1 | R58: =IF(OR(E58="Evaluation",ISNUMBER(SEARCH("; Evaluation; ","; "&F58&"; "))),1,0) -> 0 | S58: =IF(OR(E58="Correction/Challenge",ISNUMBER(SEARCH("; Correction/Challenge; ","; "&F58&"; "))),1,0) -> 0 | T58: =IF(OR(E58="Redirection",ISNUMBER(SEARCH("; Redirection; ","; "&F58&"; "))),1,0) -> 0 | U58: =IF(OR(E58="Knowledge injection",ISNUMBER(SEARCH("; Knowledge injection; ","; "&F58&"; "))),1,0) -> 1 | V58: =IF(OR(E58="Selection/Rejection",ISNUMBER(SEARCH("; Selection/Rejection; ","; "&F58&"; "))),1,0) -> 0 | W58: =IF(OR(E58="Deliberation",ISNUMBER(SEARCH("; Deliberation; ","; "&F58&"; "))),1,0) -> 0 | X58: =SUM(Paper7Coding[[#This Row],[Subject-matter correction]:[Genre/ writing expertise]]) -> 2 | Y58: =IF(ISNUMBER(SEARCH("; domain correction; ","; "&H58&"; ")),1,0) -> 0 | Z58: =IF(ISNUMBER(SEARCH("; conceptual discrimination; ","; "&H58&"; ")),1,0) -> 0 | AA58: =IF(ISNUMBER(SEARCH("; evidence judgment; ","; "&H58&"; ")),1,0) -> 0 | AB58: =IF(ISNUMBER(SEARCH("; methodological judgment; ","; "&H58&"; ")),1,0) -> 0 | AC58: =IF(ISNUMBER(SEARCH("; argumentative judgment; ","; "&H58&"; ")),1,0) -> 1 | AD58: =IF(ISNUMBER(SEARCH("; genre/writing expertise; ","; "&H58&"; ")),1,0) -> 1 | AE58: =IF(ISNUMBER(SEARCH("; none; ","; "&H58&"; ")),1,0) -> 0
A59: P7-W1-058 | B59: 58 | C59: Writing log 1 | D59: say that such a very large number of certifications hints a huge popularity of this certification and also motivates the needs to discuss and analyze practitioners' opinions about such a certification with such a major penetration in the software testing industry. | E59: Knowledge injection | F59: Directed delegation | G59: Directive | H59: argumentative judgment | I59: Supplies reasoning connecting certification volume to the motivation for investigating opinions. | J59: AI rewrites the popularity and motivation paragraph. | K59: W1 p30 L16-p30 L18 | L59: W1 p30 L20-p30 L28 | N59: Visible next AI response | P59: =IF(OR(E59="Delegation",ISNUMBER(SEARCH("; Delegation; ","; "&F59&"; "))),1,0) -> 0 | Q59: =IF(OR(E59="Directed delegation",ISNUMBER(SEARCH("; Directed delegation; ","; "&F59&"; "))),1,0) -> 1 | R59: =IF(OR(E59="Evaluation",ISNUMBER(SEARCH("; Evaluation; ","; "&F59&"; "))),1,0) -> 0 | S59: =IF(OR(E59="Correction/Challenge",ISNUMBER(SEARCH("; Correction/Challenge; ","; "&F59&"; "))),1,0) -> 0 | T59: =IF(OR(E59="Redirection",ISNUMBER(SEARCH("; Redirection; ","; "&F59&"; "))),1,0) -> 0 | U59: =IF(OR(E59="Knowledge injection",ISNUMBER(SEARCH("; Knowledge injection; ","; "&F59&"; "))),1,0) -> 1 | V59: =IF(OR(E59="Selection/Rejection",ISNUMBER(SEARCH("; Selection/Rejection; ","; "&F59&"; "))),1,0) -> 0 | W59: =IF(OR(E59="Deliberation",ISNUMBER(SEARCH("; Deliberation; ","; "&F59&"; "))),1,0) -> 0 | X59: =SUM(Paper7Coding[[#This Row],[Subject-matter correction]:[Genre/ writing expertise]]) -> 1 | Y59: =IF(ISNUMBER(SEARCH("; domain correction; ","; "&H59&"; ")),1,0) -> 0 | Z59: =IF(ISNUMBER(SEARCH("; conceptual discrimination; ","; "&H59&"; ")),1,0) -> 0 | AA59: =IF(ISNUMBER(SEARCH("; evidence judgment; ","; "&H59&"; ")),1,0) -> 0 | AB59: =IF(ISNUMBER(SEARCH("; methodological judgment; ","; "&H59&"; ")),1,0) -> 0 | AC59: =IF(ISNUMBER(SEARCH("; argumentative judgment; ","; "&H59&"; ")),1,0) -> 1 | AD59: =IF(ISNUMBER(SEARCH("; genre/writing expertise; ","; "&H59&"; ")),1,0) -> 0 | AE59: =IF(ISNUMBER(SEARCH("; none; ","; "&H59&"; ")),1,0) -> 0
A60: P7-W1-059 | B60: 59 | C60: Writing log 1 | D60: Provide a paragraph why doing research on this issue is useful for both researchers and practitioners. | E60: Directed delegation | G60: Directive | H60: argumentative judgment | I60: Requests a paragraph addressing usefulness to researchers and practitioners. | J60: AI drafts the requested significance paragraph. | K60: W1 p30 L30-p30 L30 | L60: W1 p30 L32-p30 L41 | N60: Visible next AI response | P60: =IF(OR(E60="Delegation",ISNUMBER(SEARCH("; Delegation; ","; "&F60&"; "))),1,0) -> 0 | Q60: =IF(OR(E60="Directed delegation",ISNUMBER(SEARCH("; Directed delegation; ","; "&F60&"; "))),1,0) -> 1 | R60: =IF(OR(E60="Evaluation",ISNUMBER(SEARCH("; Evaluation; ","; "&F60&"; "))),1,0) -> 0 | S60: =IF(OR(E60="Correction/Challenge",ISNUMBER(SEARCH("; Correction/Challenge; ","; "&F60&"; "))),1,0) -> 0 | T60: =IF(OR(E60="Redirection",ISNUMBER(SEARCH("; Redirection; ","; "&F60&"; "))),1,0) -> 0 | U60: =IF(OR(E60="Knowledge injection",ISNUMBER(SEARCH("; Knowledge injection; ","; "&F60&"; "))),1,0) -> 0 | V60: =IF(OR(E60="Selection/Rejection",ISNUMBER(SEARCH("; Selection/Rejection; ","; "&F60&"; "))),1,0) -> 0 | W60: =IF(OR(E60="Deliberation",ISNUMBER(SEARCH("; Deliberation; ","; "&F60&"; "))),1,0) -> 0 | X60: =SUM(Paper7Coding[[#This Row],[Subject-matter correction]:[Genre/ writing expertise]]) -> 1 | Y60: =IF(ISNUMBER(SEARCH("; domain correction; ","; "&H60&"; ")),1,0) -> 0 | Z60: =IF(ISNUMBER(SEARCH("; conceptual discrimination; ","; "&H60&"; ")),1,0) -> 0 | AA60: =IF(ISNUMBER(SEARCH("; evidence judgment; ","; "&H60&"; ")),1,0) -> 0 | AB60: =IF(ISNUMBER(SEARCH("; methodological judgment; ","; "&H60&"; ")),1,0) -> 0 | AC60: =IF(ISNUMBER(SEARCH("; argumentative judgment; ","; "&H60&"; ")),1,0) -> 1 | AD60: =IF(ISNUMBER(SEARCH("; genre/writing expertise; ","; "&H60&"; ")),1,0) -> 0 | AE60: =IF(ISNUMBER(SEARCH("; none; ","; "&H60&"; ")),1,0) -> 0
A61: P7-W1-060 | B61: 60 | C61: Writing log 1 | D61: Latest paper draft is attached | E61: Knowledge injection | G61: Directive | H61: none | I61: Provides an updated draft without an explicit analytical instruction. | J61: AI claims to review the draft and provides an additional Introduction paragraph. | K61: W1 p31 L2-p31 L2 | L61: W1 p31 L4-p31 L18 | M61: Referenced attachment/material; attachment contents are not separate human turns. | N61: Visible next AI response | O61: Attachment-only turn. AI initiates substantive feedback; no explicit review request is inferred from the prompt. | P61: =IF(OR(E61="Delegation",ISNUMBER(SEARCH("; Delegation; ","; "&F61&"; "))),1,0) -> 0 | Q61: =IF(OR(E61="Directed delegation",ISNUMBER(SEARCH("; Directed delegation; ","; "&F61&"; "))),1,0) -> 0 | R61: =IF(OR(E61="Evaluation",ISNUMBER(SEARCH("; Evaluation; ","; "&F61&"; "))),1,0) -> 0 | S61: =IF(OR(E61="Correction/Challenge",ISNUMBER(SEARCH("; Correction/Challenge; ","; "&F61&"; "))),1,0) -> 0 | T61: =IF(OR(E61="Redirection",ISNUMBER(SEARCH("; Redirection; ","; "&F61&"; "))),1,0) -> 0 | U61: =IF(OR(E61="Knowledge injection",ISNUMBER(SEARCH("; Knowledge injection; ","; "&F61&"; "))),1,0) -> 1 | V61: =IF(OR(E61="Selection/Rejection",ISNUMBER(SEARCH("; Selection/Rejection; ","; "&F61&"; "))),1,0) -> 0 | W61: =IF(OR(E61="Deliberation",ISNUMBER(SEARCH("; Deliberation; ","; "&F61&"; "))),1,0) -> 0 | X61: =SUM(Paper7Coding[[#This Row],[Subject-matter correction]:[Genre/ writing expertise]]) -> 0 | Y61: =IF(ISNUMBER(SEARCH("; domain correction; ","; "&H61&"; ")),1,0) -> 0 | Z61: =IF(ISNUMBER(SEARCH("; conceptual discrimination; ","; "&H61&"; ")),1,0) -> 0 | AA61: =IF(ISNUMBER(SEARCH("; evidence judgment; ","; "&H61&"; ")),1,0) -> 0 | AB61: =IF(ISNUMBER(SEARCH("; methodological judgment; ","; "&H61&"; ")),1,0) -> 0 | AC61: =IF(ISNUMBER(SEARCH("; argumentative judgment; ","; "&H61&"; ")),1,0) -> 0 | AD61: =IF(ISNUMBER(SEARCH("; genre/writing expertise; ","; "&H61&"; ")),1,0) -> 0 | AE61: =IF(ISNUMBER(SEARCH("; none; ","; "&H61&"; ")),1,0) -> 1
A62: P7-W1-061 | B62: 61 | C62: Writing log 1 | D62: Latest paper draft is attached. I have made changes to it | E62: Knowledge injection | G62: Directive | H62: none | I62: Reports supplying a changed draft; no substantive changes are described in this turn. | J62: AI claims draft review and gives recommendations. | K62: W1 p31 L20-p31 L20 | L62: W1 p31 L22-p31 L40 | M62: Referenced attachment/material; attachment contents are not separate human turns. | N62: Visible next AI response | O62: Attachment-only turn. The changed manuscript is not reconstructed from the AI status summary. | P62: =IF(OR(E62="Delegation",ISNUMBER(SEARCH("; Delegation; ","; "&F62&"; "))),1,0) -> 0 | Q62: =IF(OR(E62="Directed delegation",ISNUMBER(SEARCH("; Directed delegation; ","; "&F62&"; "))),1,0) -> 0 | R62: =IF(OR(E62="Evaluation",ISNUMBER(SEARCH("; Evaluation; ","; "&F62&"; "))),1,0) -> 0 | S62: =IF(OR(E62="Correction/Challenge",ISNUMBER(SEARCH("; Correction/Challenge; ","; "&F62&"; "))),1,0) -> 0 | T62: =IF(OR(E62="Redirection",ISNUMBER(SEARCH("; Redirection; ","; "&F62&"; "))),1,0) -> 0 | U62: =IF(OR(E62="Knowledge injection",ISNUMBER(SEARCH("; Knowledge injection; ","; "&F62&"; "))),1,0) -> 1 | V62: =IF(OR(E62="Selection/Rejection",ISNUMBER(SEARCH("; Selection/Rejection; ","; "&F62&"; "))),1,0) -> 0 | W62: =IF(OR(E62="Deliberation",ISNUMBER(SEARCH("; Deliberation; ","; "&F62&"; "))),1,0) -> 0 | X62: =SUM(Paper7Coding[[#This Row],[Subject-matter correction]:[Genre/ writing expertise]]) -> 0 | Y62: =IF(ISNUMBER(SEARCH("; domain correction; ","; "&H62&"; ")),1,0) -> 0 | Z62: =IF(ISNUMBER(SEARCH("; conceptual discrimination; ","; "&H62&"; ")),1,0) -> 0 | AA62: =IF(ISNUMBER(SEARCH("; evidence judgment; ","; "&H62&"; ")),1,0) -> 0 | AB62: =IF(ISNUMBER(SEARCH("; methodological judgment; ","; "&H62&"; ")),1,0) -> 0 | AC62: =IF(ISNUMBER(SEARCH("; argumentative judgment; ","; "&H62&"; ")),1,0) -> 0 | AD62: =IF(ISNUMBER(SEARCH("; genre/writing expertise; ","; "&H62&"; ")),1,0) -> 0 | AE62: =IF(ISNUMBER(SEARCH("; none; ","; "&H62&"; ")),1,0) -> 1
A63: P7-W1-062 | B63: 62 | C63: Writing log 1 | D63: To get the results for Sec 5.1 RQ1 … do an AI-ASSISTED MULTIVOCAL LITERATURE REVIEW … Search process … Source selection … Study quality assessment … Data extraction … qualitative coding. | E63: Directed delegation | F63: Knowledge injection | G63: Directive | H63: methodological judgment; evidence judgment | I63: Specifies MLR stages, thematic coding, guideline use and RQ1 focus; requests plan confirmation. | J63: AI restates the proposed MLR protocol and asks about starting. | K63: W1 p31 L42-p32 L7 | L63: W1 p32 L9-p32 L28 | M63: Referenced attachment/material; attachment contents are not separate human turns. | N63: Visible next AI response | P63: =IF(OR(E63="Delegation",ISNUMBER(SEARCH("; Delegation; ","; "&F63&"; "))),1,0) -> 0 | Q63: =IF(OR(E63="Directed delegation",ISNUMBER(SEARCH("; Directed delegation; ","; "&F63&"; "))),1,0) -> 1 | R63: =IF(OR(E63="Evaluation",ISNUMBER(SEARCH("; Evaluation; ","; "&F63&"; "))),1,0) -> 0 | S63: =IF(OR(E63="Correction/Challenge",ISNUMBER(SEARCH("; Correction/Challenge; ","; "&F63&"; "))),1,0) -> 0 | T63: =IF(OR(E63="Redirection",ISNUMBER(SEARCH("; Redirection; ","; "&F63&"; "))),1,0) -> 0 | U63: =IF(OR(E63="Knowledge injection",ISNUMBER(SEARCH("; Knowledge injection; ","; "&F63&"; "))),1,0) -> 1 | V63: =IF(OR(E63="Selection/Rejection",ISNUMBER(SEARCH("; Selection/Rejection; ","; "&F63&"; "))),1,0) -> 0 | W63: =IF(OR(E63="Deliberation",ISNUMBER(SEARCH("; Deliberation; ","; "&F63&"; "))),1,0) -> 0 | X63: =SUM(Paper7Coding[[#This Row],[Subject-matter correction]:[Genre/ writing expertise]]) -> 2 | Y63: =IF(ISNUMBER(SEARCH("; domain correction; ","; "&H63&"; ")),1,0) -> 0 | Z63: =IF(ISNUMBER(SEARCH("; conceptual discrimination; ","; "&H63&"; ")),1,0) -> 0 | AA63: =IF(ISNUMBER(SEARCH("; evidence judgment; ","; "&H63&"; ")),1,0) -> 1 | AB63: =IF(ISNUMBER(SEARCH("; methodological judgment; ","; "&H63&"; ")),1,0) -> 1 | AC63: =IF(ISNUMBER(SEARCH("; argumentative judgment; ","; "&H63&"; ")),1,0) -> 0 | AD63: =IF(ISNUMBER(SEARCH("; genre/writing expertise; ","; "&H63&"; ")),1,0) -> 0 | AE63: =IF(ISNUMBER(SEARCH("; none; ","; "&H63&"; ")),1,0) -> 0
A64: P7-W1-063 | B64: 63 | C64: Writing log 1 | D64: You know that you shall do "deep research", and it could take several minutes, which is fine. Also, you need to provide all the details of each step (e.g., Search process, -Source selection), so that we would include them for transparency in our paper | E64: Directed delegation | G64: Directive | H64: methodological judgment; evidence judgment | I64: Requires deep research and transparent procedural detail rather than speed. | J64: AI reports tool unavailability and proposes simulated search stages. | K64: W1 p32 L30-p32 L32 | L64: W1 p32 L34-p33 L8 | N64: Visible next AI response | O64: AI explicitly proposes simulation after reporting unavailable Deep Research. Proposed search details do not establish an executed search. | P64: =IF(OR(E64="Delegation",ISNUMBER(SEARCH("; Delegation; ","; "&F64&"; "))),1,0) -> 0 | Q64: =IF(OR(E64="Directed delegation",ISNUMBER(SEARCH("; Directed delegation; ","; "&F64&"; "))),1,0) -> 1 | R64: =IF(OR(E64="Evaluation",ISNUMBER(SEARCH("; Evaluation; ","; "&F64&"; "))),1,0) -> 0 | S64: =IF(OR(E64="Correction/Challenge",ISNUMBER(SEARCH("; Correction/Challenge; ","; "&F64&"; "))),1,0) -> 0 | T64: =IF(OR(E64="Redirection",ISNUMBER(SEARCH("; Redirection; ","; "&F64&"; "))),1,0) -> 0 | U64: =IF(OR(E64="Knowledge injection",ISNUMBER(SEARCH("; Knowledge injection; ","; "&F64&"; "))),1,0) -> 0 | V64: =IF(OR(E64="Selection/Rejection",ISNUMBER(SEARCH("; Selection/Rejection; ","; "&F64&"; "))),1,0) -> 0 | W64: =IF(OR(E64="Deliberation",ISNUMBER(SEARCH("; Deliberation; ","; "&F64&"; "))),1,0) -> 0 | X64: =SUM(Paper7Coding[[#This Row],[Subject-matter correction]:[Genre/ writing expertise]]) -> 2 | Y64: =IF(ISNUMBER(SEARCH("; domain correction; ","; "&H64&"; ")),1,0) -> 0 | Z64: =IF(ISNUMBER(SEARCH("; conceptual discrimination; ","; "&H64&"; ")),1,0) -> 0 | AA64: =IF(ISNUMBER(SEARCH("; evidence judgment; ","; "&H64&"; ")),1,0) -> 1 | AB64: =IF(ISNUMBER(SEARCH("; methodological judgment; ","; "&H64&"; ")),1,0) -> 1 | AC64: =IF(ISNUMBER(SEARCH("; argumentative judgment; ","; "&H64&"; ")),1,0) -> 0 | AD64: =IF(ISNUMBER(SEARCH("; genre/writing expertise; ","; "&H64&"; ")),1,0) -> 0 | AE64: =IF(ISNUMBER(SEARCH("; none; ","; "&H64&"; ")),1,0) -> 0
A65: P7-W1-064 | B65: 64 | C65: Writing log 1 | D65: Well, I have many "deep research" credits left and I now turned on the option for "deep research". Do you understand me? | E65: Correction/Challenge | F65: Knowledge injection; Redirection | G65: Critical | H65: none | I65: Challenges the unavailable-tool response and reports enabling Deep Research; operational correction alone. | J65: AI again asks for scope confirmation. | K65: W1 p33 L10-p33 L11 | L65: W1 p33 L13-p33 L18 | N65: Visible next AI response | O65: Human reports enabling the feature. Credits/activation statements do not independently prove tool execution. | P65: =IF(OR(E65="Delegation",ISNUMBER(SEARCH("; Delegation; ","; "&F65&"; "))),1,0) -> 0 | Q65: =IF(OR(E65="Directed delegation",ISNUMBER(SEARCH("; Directed delegation; ","; "&F65&"; "))),1,0) -> 0 | R65: =IF(OR(E65="Evaluation",ISNUMBER(SEARCH("; Evaluation; ","; "&F65&"; "))),1,0) -> 0 | S65: =IF(OR(E65="Correction/Challenge",ISNUMBER(SEARCH("; Correction/Challenge; ","; "&F65&"; "))),1,0) -> 1 | T65: =IF(OR(E65="Redirection",ISNUMBER(SEARCH("; Redirection; ","; "&F65&"; "))),1,0) -> 1 | U65: =IF(OR(E65="Knowledge injection",ISNUMBER(SEARCH("; Knowledge injection; ","; "&F65&"; "))),1,0) -> 1 | V65: =IF(OR(E65="Selection/Rejection",ISNUMBER(SEARCH("; Selection/Rejection; ","; "&F65&"; "))),1,0) -> 0 | W65: =IF(OR(E65="Deliberation",ISNUMBER(SEARCH("; Deliberation; ","; "&F65&"; "))),1,0) -> 0 | X65: =SUM(Paper7Coding[[#This Row],[Subject-matter correction]:[Genre/ writing expertise]]) -> 0 | Y65: =IF(ISNUMBER(SEARCH("; domain correction; ","; "&H65&"; ")),1,0) -> 0 | Z65: =IF(ISNUMBER(SEARCH("; conceptual discrimination; ","; "&H65&"; ")),1,0) -> 0 | AA65: =IF(ISNUMBER(SEARCH("; evidence judgment; ","; "&H65&"; ")),1,0) -> 0 | AB65: =IF(ISNUMBER(SEARCH("; methodological judgment; ","; "&H65&"; ")),1,0) -> 0 | AC65: =IF(ISNUMBER(SEARCH("; argumentative judgment; ","; "&H65&"; ")),1,0) -> 0 | AD65: =IF(ISNUMBER(SEARCH("; genre/writing expertise; ","; "&H65&"; ")),1,0) -> 0 | AE65: =IF(ISNUMBER(SEARCH("; none; ","; "&H65&"; ")),1,0) -> 1
A66: P7-W1-065 | B66: 65 | C66: Writing log 1 | D66: Well, I said above that for Data synthesis, you should use "qualitative coding" for that, by themes. Abd we already agreed above that we should include both Academic and Grey Literature, and focus only on English-language sources. | E66: Correction/Challenge | F66: Directed delegation | G66: Critical | H66: methodological judgment | I66: Corrects repeated clarification by reinstating agreed coding, evidence and language requirements. | J66: AI reports a value/endorsement MLR with search and synthesis sections. | K66: W1 p33 L20-p33 L22 | L66: W1 p33 L24-p38 L37 | N66: Visible next AI response | O66: The response announces a review; no separate tool-execution audit trail is available in this export. | P66: =IF(OR(E66="Delegation",ISNUMBER(SEARCH("; Delegation; ","; "&F66&"; "))),1,0) -> 0 | Q66: =IF(OR(E66="Directed delegation",ISNUMBER(SEARCH("; Directed delegation; ","; "&F66&"; "))),1,0) -> 1 | R66: =IF(OR(E66="Evaluation",ISNUMBER(SEARCH("; Evaluation; ","; "&F66&"; "))),1,0) -> 0 | S66: =IF(OR(E66="Correction/Challenge",ISNUMBER(SEARCH("; Correction/Challenge; ","; "&F66&"; "))),1,0) -> 1 | T66: =IF(OR(E66="Redirection",ISNUMBER(SEARCH("; Redirection; ","; "&F66&"; "))),1,0) -> 0 | U66: =IF(OR(E66="Knowledge injection",ISNUMBER(SEARCH("; Knowledge injection; ","; "&F66&"; "))),1,0) -> 0 | V66: =IF(OR(E66="Selection/Rejection",ISNUMBER(SEARCH("; Selection/Rejection; ","; "&F66&"; "))),1,0) -> 0 | W66: =IF(OR(E66="Deliberation",ISNUMBER(SEARCH("; Deliberation; ","; "&F66&"; "))),1,0) -> 0 | X66: =SUM(Paper7Coding[[#This Row],[Subject-matter correction]:[Genre/ writing expertise]]) -> 1 | Y66: =IF(ISNUMBER(SEARCH("; domain correction; ","; "&H66&"; ")),1,0) -> 0 | Z66: =IF(ISNUMBER(SEARCH("; conceptual discrimination; ","; "&H66&"; ")),1,0) -> 0 | AA66: =IF(ISNUMBER(SEARCH("; evidence judgment; ","; "&H66&"; ")),1,0) -> 0 | AB66: =IF(ISNUMBER(SEARCH("; methodological judgment; ","; "&H66&"; ")),1,0) -> 1 | AC66: =IF(ISNUMBER(SEARCH("; argumentative judgment; ","; "&H66&"; ")),1,0) -> 0 | AD66: =IF(ISNUMBER(SEARCH("; genre/writing expertise; ","; "&H66&"; ")),1,0) -> 0 | AE66: =IF(ISNUMBER(SEARCH("; none; ","; "&H66&"; ")),1,0) -> 0
A67: P7-W2-001 | B67: 66 | C67: Writing log 2 | D67: RQ2 is: What criticisms have been raised by practitioners … systematic Multivocal Literature Review … follow the approach … provide all the details of each step … transparency. | E67: Directed delegation | F67: Knowledge injection | G67: Directive | H67: methodological judgment; evidence judgment | I67: Supplies RQ2 and explicitly specifies MLR stages, thematic coding and procedural transparency. | J67: AI presents a protocol and asks to proceed. | K67: W2 p1 L4-p1 L16 | L67: W2 p1 L18-p2 L9 | M67: Referenced attachment/material; attachment contents are not separate human turns. | N67: Visible next AI response | P67: =IF(OR(E67="Delegation",ISNUMBER(SEARCH("; Delegation; ","; "&F67&"; "))),1,0) -> 0 | Q67: =IF(OR(E67="Directed delegation",ISNUMBER(SEARCH("; Directed delegation; ","; "&F67&"; "))),1,0) -> 1 | R67: =IF(OR(E67="Evaluation",ISNUMBER(SEARCH("; Evaluation; ","; "&F67&"; "))),1,0) -> 0 | S67: =IF(OR(E67="Correction/Challenge",ISNUMBER(SEARCH("; Correction/Challenge; ","; "&F67&"; "))),1,0) -> 0 | T67: =IF(OR(E67="Redirection",ISNUMBER(SEARCH("; Redirection; ","; "&F67&"; "))),1,0) -> 0 | U67: =IF(OR(E67="Knowledge injection",ISNUMBER(SEARCH("; Knowledge injection; ","; "&F67&"; "))),1,0) -> 1 | V67: =IF(OR(E67="Selection/Rejection",ISNUMBER(SEARCH("; Selection/Rejection; ","; "&F67&"; "))),1,0) -> 0 | W67: =IF(OR(E67="Deliberation",ISNUMBER(SEARCH("; Deliberation; ","; "&F67&"; "))),1,0) -> 0 | X67: =SUM(Paper7Coding[[#This Row],[Subject-matter correction]:[Genre/ writing expertise]]) -> 2 | Y67: =IF(ISNUMBER(SEARCH("; domain correction; ","; "&H67&"; ")),1,0) -> 0 | Z67: =IF(ISNUMBER(SEARCH("; conceptual discrimination; ","; "&H67&"; ")),1,0) -> 0 | AA67: =IF(ISNUMBER(SEARCH("; evidence judgment; ","; "&H67&"; ")),1,0) -> 1 | AB67: =IF(ISNUMBER(SEARCH("; methodological judgment; ","; "&H67&"; ")),1,0) -> 1 | AC67: =IF(ISNUMBER(SEARCH("; argumentative judgment; ","; "&H67&"; ")),1,0) -> 0 | AD67: =IF(ISNUMBER(SEARCH("; genre/writing expertise; ","; "&H67&"; ")),1,0) -> 0 | AE67: =IF(ISNUMBER(SEARCH("; none; ","; "&H67&"; ")),1,0) -> 0
A68: P7-W2-002 | B68: 67 | C68: Writing log 2 | D68: sure | E68: Selection/Rejection | G68: Directive | H68: none | I68: Approves the preceding research protocol and next step. | J68: AI supplies a methods/results package and offers extraction outputs. | K68: W2 p2 L11-p2 L11 | L68: W2 p2 L13-p3 L38 | N68: Visible next AI response | P68: =IF(OR(E68="Delegation",ISNUMBER(SEARCH("; Delegation; ","; "&F68&"; "))),1,0) -> 0 | Q68: =IF(OR(E68="Directed delegation",ISNUMBER(SEARCH("; Directed delegation; ","; "&F68&"; "))),1,0) -> 0 | R68: =IF(OR(E68="Evaluation",ISNUMBER(SEARCH("; Evaluation; ","; "&F68&"; "))),1,0) -> 0 | S68: =IF(OR(E68="Correction/Challenge",ISNUMBER(SEARCH("; Correction/Challenge; ","; "&F68&"; "))),1,0) -> 0 | T68: =IF(OR(E68="Redirection",ISNUMBER(SEARCH("; Redirection; ","; "&F68&"; "))),1,0) -> 0 | U68: =IF(OR(E68="Knowledge injection",ISNUMBER(SEARCH("; Knowledge injection; ","; "&F68&"; "))),1,0) -> 0 | V68: =IF(OR(E68="Selection/Rejection",ISNUMBER(SEARCH("; Selection/Rejection; ","; "&F68&"; "))),1,0) -> 1 | W68: =IF(OR(E68="Deliberation",ISNUMBER(SEARCH("; Deliberation; ","; "&F68&"; "))),1,0) -> 0 | X68: =SUM(Paper7Coding[[#This Row],[Subject-matter correction]:[Genre/ writing expertise]]) -> 0 | Y68: =IF(ISNUMBER(SEARCH("; domain correction; ","; "&H68&"; ")),1,0) -> 0 | Z68: =IF(ISNUMBER(SEARCH("; conceptual discrimination; ","; "&H68&"; ")),1,0) -> 0 | AA68: =IF(ISNUMBER(SEARCH("; evidence judgment; ","; "&H68&"; ")),1,0) -> 0 | AB68: =IF(ISNUMBER(SEARCH("; methodological judgment; ","; "&H68&"; ")),1,0) -> 0 | AC68: =IF(ISNUMBER(SEARCH("; argumentative judgment; ","; "&H68&"; ")),1,0) -> 0 | AD68: =IF(ISNUMBER(SEARCH("; genre/writing expertise; ","; "&H68&"; ")),1,0) -> 0 | AE68: =IF(ISNUMBER(SEARCH("; none; ","; "&H68&"; ")),1,0) -> 1
A69: P7-W2-003 | B69: 68 | C69: Writing log 2 | D69: Yes do that | E69: Selection/Rejection | G69: Directive | H69: none | I69: Accepts the offer of an extraction sheet and PRISMA summary. | J69: AI requests new scope clarification instead of delivering those outputs. | K69: W2 p3 L40-p3 L40 | L69: W2 p3 L42-p4 L5 | N69: Visible next AI response | O69: Approval is for offered outputs; the next AI reply instead restarts clarification. | P69: =IF(OR(E69="Delegation",ISNUMBER(SEARCH("; Delegation; ","; "&F69&"; "))),1,0) -> 0 | Q69: =IF(OR(E69="Directed delegation",ISNUMBER(SEARCH("; Directed delegation; ","; "&F69&"; "))),1,0) -> 0 | R69: =IF(OR(E69="Evaluation",ISNUMBER(SEARCH("; Evaluation; ","; "&F69&"; "))),1,0) -> 0 | S69: =IF(OR(E69="Correction/Challenge",ISNUMBER(SEARCH("; Correction/Challenge; ","; "&F69&"; "))),1,0) -> 0 | T69: =IF(OR(E69="Redirection",ISNUMBER(SEARCH("; Redirection; ","; "&F69&"; "))),1,0) -> 0 | U69: =IF(OR(E69="Knowledge injection",ISNUMBER(SEARCH("; Knowledge injection; ","; "&F69&"; "))),1,0) -> 0 | V69: =IF(OR(E69="Selection/Rejection",ISNUMBER(SEARCH("; Selection/Rejection; ","; "&F69&"; "))),1,0) -> 1 | W69: =IF(OR(E69="Deliberation",ISNUMBER(SEARCH("; Deliberation; ","; "&F69&"; "))),1,0) -> 0 | X69: =SUM(Paper7Coding[[#This Row],[Subject-matter correction]:[Genre/ writing expertise]]) -> 0 | Y69: =IF(ISNUMBER(SEARCH("; domain correction; ","; "&H69&"; ")),1,0) -> 0 | Z69: =IF(ISNUMBER(SEARCH("; conceptual discrimination; ","; "&H69&"; ")),1,0) -> 0 | AA69: =IF(ISNUMBER(SEARCH("; evidence judgment; ","; "&H69&"; ")),1,0) -> 0 | AB69: =IF(ISNUMBER(SEARCH("; methodological judgment; ","; "&H69&"; ")),1,0) -> 0 | AC69: =IF(ISNUMBER(SEARCH("; argumentative judgment; ","; "&H69&"; ")),1,0) -> 0 | AD69: =IF(ISNUMBER(SEARCH("; genre/writing expertise; ","; "&H69&"; ")),1,0) -> 0 | AE69: =IF(ISNUMBER(SEARCH("; none; ","; "&H69&"; ")),1,0) -> 1
A70: P7-W2-004 | B70: 69 | C70: Writing log 2 | D70: RE 1: all years. RE 2: include non-English too, but translate their contents to English and then analyze. RE 3: all Grey literature platforms. RE: Output format: just text | E70: Directed delegation | F70: Selection/Rejection | G70: Directive | H70: methodological judgment | I70: Sets all-year multilingual coverage, translation, all grey platforms and text output. | J70: AI acknowledges the broadened review scope. | K70: W2 p4 L7-p4 L8 | L70: W2 p4 L10-p4 L15 | N70: Visible next AI response | P70: =IF(OR(E70="Delegation",ISNUMBER(SEARCH("; Delegation; ","; "&F70&"; "))),1,0) -> 0 | Q70: =IF(OR(E70="Directed delegation",ISNUMBER(SEARCH("; Directed delegation; ","; "&F70&"; "))),1,0) -> 1 | R70: =IF(OR(E70="Evaluation",ISNUMBER(SEARCH("; Evaluation; ","; "&F70&"; "))),1,0) -> 0 | S70: =IF(OR(E70="Correction/Challenge",ISNUMBER(SEARCH("; Correction/Challenge; ","; "&F70&"; "))),1,0) -> 0 | T70: =IF(OR(E70="Redirection",ISNUMBER(SEARCH("; Redirection; ","; "&F70&"; "))),1,0) -> 0 | U70: =IF(OR(E70="Knowledge injection",ISNUMBER(SEARCH("; Knowledge injection; ","; "&F70&"; "))),1,0) -> 0 | V70: =IF(OR(E70="Selection/Rejection",ISNUMBER(SEARCH("; Selection/Rejection; ","; "&F70&"; "))),1,0) -> 1 | W70: =IF(OR(E70="Deliberation",ISNUMBER(SEARCH("; Deliberation; ","; "&F70&"; "))),1,0) -> 0 | X70: =SUM(Paper7Coding[[#This Row],[Subject-matter correction]:[Genre/ writing expertise]]) -> 1 | Y70: =IF(ISNUMBER(SEARCH("; domain correction; ","; "&H70&"; ")),1,0) -> 0 | Z70: =IF(ISNUMBER(SEARCH("; conceptual discrimination; ","; "&H70&"; ")),1,0) -> 0 | AA70: =IF(ISNUMBER(SEARCH("; evidence judgment; ","; "&H70&"; ")),1,0) -> 0 | AB70: =IF(ISNUMBER(SEARCH("; methodological judgment; ","; "&H70&"; ")),1,0) -> 1 | AC70: =IF(ISNUMBER(SEARCH("; argumentative judgment; ","; "&H70&"; ")),1,0) -> 0 | AD70: =IF(ISNUMBER(SEARCH("; genre/writing expertise; ","; "&H70&"; ")),1,0) -> 0 | AE70: =IF(ISNUMBER(SEARCH("; none; ","; "&H70&"; ")),1,0) -> 0
A71: P7-W2-005 | B71: 70 | C71: Writing log 2 | D71: Do the analysis for both RQ1 and RQ2 in one "deep research", but make sure the results are separately. Do not mix them up. … Include both English and non-English sources … qualitative coding. | E71: Directed delegation | F71: Knowledge injection; Redirection | G71: Directive | H71: methodological judgment; conceptual discrimination; evidence judgment | I71: Combines the RQs while requiring separate thematic results, translation and source-focus classification. | J71: AI asks about quote/screenshot traceability. | K71: W2 p4 L17-p4 L39 | L71: W2 p5 L2-p5 L7 | M71: Referenced attachment/material; attachment contents are not separate human turns. | N71: Visible next AI response | P71: =IF(OR(E71="Delegation",ISNUMBER(SEARCH("; Delegation; ","; "&F71&"; "))),1,0) -> 0 | Q71: =IF(OR(E71="Directed delegation",ISNUMBER(SEARCH("; Directed delegation; ","; "&F71&"; "))),1,0) -> 1 | R71: =IF(OR(E71="Evaluation",ISNUMBER(SEARCH("; Evaluation; ","; "&F71&"; "))),1,0) -> 0 | S71: =IF(OR(E71="Correction/Challenge",ISNUMBER(SEARCH("; Correction/Challenge; ","; "&F71&"; "))),1,0) -> 0 | T71: =IF(OR(E71="Redirection",ISNUMBER(SEARCH("; Redirection; ","; "&F71&"; "))),1,0) -> 1 | U71: =IF(OR(E71="Knowledge injection",ISNUMBER(SEARCH("; Knowledge injection; ","; "&F71&"; "))),1,0) -> 1 | V71: =IF(OR(E71="Selection/Rejection",ISNUMBER(SEARCH("; Selection/Rejection; ","; "&F71&"; "))),1,0) -> 0 | W71: =IF(OR(E71="Deliberation",ISNUMBER(SEARCH("; Deliberation; ","; "&F71&"; "))),1,0) -> 0 | X71: =SUM(Paper7Coding[[#This Row],[Subject-matter correction]:[Genre/ writing expertise]]) -> 3 | Y71: =IF(ISNUMBER(SEARCH("; domain correction; ","; "&H71&"; ")),1,0) -> 0 | Z71: =IF(ISNUMBER(SEARCH("; conceptual discrimination; ","; "&H71&"; ")),1,0) -> 1 | AA71: =IF(ISNUMBER(SEARCH("; evidence judgment; ","; "&H71&"; ")),1,0) -> 1 | AB71: =IF(ISNUMBER(SEARCH("; methodological judgment; ","; "&H71&"; ")),1,0) -> 1 | AC71: =IF(ISNUMBER(SEARCH("; argumentative judgment; ","; "&H71&"; ")),1,0) -> 0 | AD71: =IF(ISNUMBER(SEARCH("; genre/writing expertise; ","; "&H71&"; ")),1,0) -> 0 | AE71: =IF(ISNUMBER(SEARCH("; none; ","; "&H71&"; ")),1,0) -> 0
A72: P7-W2-006 | B72: 71 | C72: Writing log 2 | D72: yes, that is a good level of level of traceability. We had done like that in one of my MLR / SLR paper. do that | E72: Selection/Rejection | F72: Knowledge injection; Directed delegation | G72: Directive | H72: evidence judgment; methodological judgment | I72: Accepts evidence traceability and relates it to prior MLR/SLR practice. | J72: AI reports a combined endorsement/criticism review. | K72: W2 p5 L9-p5 L9 | L72: W2 p5 L11-p12 L39 | N72: Visible next AI response | O72: Prior-review experience and acceptance of traceability are explicit; the source quotes remain unverified. | P72: =IF(OR(E72="Delegation",ISNUMBER(SEARCH("; Delegation; ","; "&F72&"; "))),1,0) -> 0 | Q72: =IF(OR(E72="Directed delegation",ISNUMBER(SEARCH("; Directed delegation; ","; "&F72&"; "))),1,0) -> 1 | R72: =IF(OR(E72="Evaluation",ISNUMBER(SEARCH("; Evaluation; ","; "&F72&"; "))),1,0) -> 0 | S72: =IF(OR(E72="Correction/Challenge",ISNUMBER(SEARCH("; Correction/Challenge; ","; "&F72&"; "))),1,0) -> 0 | T72: =IF(OR(E72="Redirection",ISNUMBER(SEARCH("; Redirection; ","; "&F72&"; "))),1,0) -> 0 | U72: =IF(OR(E72="Knowledge injection",ISNUMBER(SEARCH("; Knowledge injection; ","; "&F72&"; "))),1,0) -> 1 | V72: =IF(OR(E72="Selection/Rejection",ISNUMBER(SEARCH("; Selection/Rejection; ","; "&F72&"; "))),1,0) -> 1 | W72: =IF(OR(E72="Deliberation",ISNUMBER(SEARCH("; Deliberation; ","; "&F72&"; "))),1,0) -> 0 | X72: =SUM(Paper7Coding[[#This Row],[Subject-matter correction]:[Genre/ writing expertise]]) -> 2 | Y72: =IF(ISNUMBER(SEARCH("; domain correction; ","; "&H72&"; ")),1,0) -> 0 | Z72: =IF(ISNUMBER(SEARCH("; conceptual discrimination; ","; "&H72&"; ")),1,0) -> 0 | AA72: =IF(ISNUMBER(SEARCH("; evidence judgment; ","; "&H72&"; ")),1,0) -> 1 | AB72: =IF(ISNUMBER(SEARCH("; methodological judgment; ","; "&H72&"; ")),1,0) -> 1 | AC72: =IF(ISNUMBER(SEARCH("; argumentative judgment; ","; "&H72&"; ")),1,0) -> 0 | AD72: =IF(ISNUMBER(SEARCH("; genre/writing expertise; ","; "&H72&"; ")),1,0) -> 0 | AE72: =IF(ISNUMBER(SEARCH("; none; ","; "&H72&"; ")),1,0) -> 0
A73: P7-W2-007 | B73: 72 | C73: Writing log 2 | D73: the work that you did above is good. I want one improvement, in the table of sources that you have, I want you to put a column named Source #, and label sources as S1, S2, .... add a column, showing the correct URL of each source. ensure not giving me invalid (broken) links. replace column "Senti… | E73: Directed delegation | G73: Directive | H73: evidence judgment; methodological judgment; conceptual discrimination; genre/writing expertise | I73: Requires stable source IDs, valid URLs, a both-focus category and matching in-text citations. | J73: AI supplies a revised 15-source table and synthesis. | K73: W2 p13 L2-p13 L6 | L73: W2 p13 L8-p15 L11 | N73: Visible next AI response | P73: =IF(OR(E73="Delegation",ISNUMBER(SEARCH("; Delegation; ","; "&F73&"; "))),1,0) -> 0 | Q73: =IF(OR(E73="Directed delegation",ISNUMBER(SEARCH("; Directed delegation; ","; "&F73&"; "))),1,0) -> 1 | R73: =IF(OR(E73="Evaluation",ISNUMBER(SEARCH("; Evaluation; ","; "&F73&"; "))),1,0) -> 0 | S73: =IF(OR(E73="Correction/Challenge",ISNUMBER(SEARCH("; Correction/Challenge; ","; "&F73&"; "))),1,0) -> 0 | T73: =IF(OR(E73="Redirection",ISNUMBER(SEARCH("; Redirection; ","; "&F73&"; "))),1,0) -> 0 | U73: =IF(OR(E73="Knowledge injection",ISNUMBER(SEARCH("; Knowledge injection; ","; "&F73&"; "))),1,0) -> 0 | V73: =IF(OR(E73="Selection/Rejection",ISNUMBER(SEARCH("; Selection/Rejection; ","; "&F73&"; "))),1,0) -> 0 | W73: =IF(OR(E73="Deliberation",ISNUMBER(SEARCH("; Deliberation; ","; "&F73&"; "))),1,0) -> 0 | X73: =SUM(Paper7Coding[[#This Row],[Subject-matter correction]:[Genre/ writing expertise]]) -> 4 | Y73: =IF(ISNUMBER(SEARCH("; domain correction; ","; "&H73&"; ")),1,0) -> 0 | Z73: =IF(ISNUMBER(SEARCH("; conceptual discrimination; ","; "&H73&"; ")),1,0) -> 1 | AA73: =IF(ISNUMBER(SEARCH("; evidence judgment; ","; "&H73&"; ")),1,0) -> 1 | AB73: =IF(ISNUMBER(SEARCH("; methodological judgment; ","; "&H73&"; ")),1,0) -> 1 | AC73: =IF(ISNUMBER(SEARCH("; argumentative judgment; ","; "&H73&"; ")),1,0) -> 0 | AD73: =IF(ISNUMBER(SEARCH("; genre/writing expertise; ","; "&H73&"; ")),1,0) -> 1 | AE73: =IF(ISNUMBER(SEARCH("; none; ","; "&H73&"; ")),1,0) -> 0
A74: P7-W2-008 | B74: 73 | C74: Writing log 2 | D74: do a deep research for more sources. I beleive thee should be more than 15 sources on the topic, and added them to the table in the same format. TAKE YOUR TIME. quality is more important for me, than doing it fast. | E74: Correction/Challenge | F74: Directed delegation | G74: Critical | H74: evidence judgment; methodological judgment | I74: Questions completeness of the 15-source pool and prioritizes quality over speed. | J74: AI asks for delivery-format clarification. | K74: W2 p15 L13-p15 L14 | L74: W2 p15 L16-p15 L19 | N74: Visible next AI response | P74: =IF(OR(E74="Delegation",ISNUMBER(SEARCH("; Delegation; ","; "&F74&"; "))),1,0) -> 0 | Q74: =IF(OR(E74="Directed delegation",ISNUMBER(SEARCH("; Directed delegation; ","; "&F74&"; "))),1,0) -> 1 | R74: =IF(OR(E74="Evaluation",ISNUMBER(SEARCH("; Evaluation; ","; "&F74&"; "))),1,0) -> 0 | S74: =IF(OR(E74="Correction/Challenge",ISNUMBER(SEARCH("; Correction/Challenge; ","; "&F74&"; "))),1,0) -> 1 | T74: =IF(OR(E74="Redirection",ISNUMBER(SEARCH("; Redirection; ","; "&F74&"; "))),1,0) -> 0 | U74: =IF(OR(E74="Knowledge injection",ISNUMBER(SEARCH("; Knowledge injection; ","; "&F74&"; "))),1,0) -> 0 | V74: =IF(OR(E74="Selection/Rejection",ISNUMBER(SEARCH("; Selection/Rejection; ","; "&F74&"; "))),1,0) -> 0 | W74: =IF(OR(E74="Deliberation",ISNUMBER(SEARCH("; Deliberation; ","; "&F74&"; "))),1,0) -> 0 | X74: =SUM(Paper7Coding[[#This Row],[Subject-matter correction]:[Genre/ writing expertise]]) -> 2 | Y74: =IF(ISNUMBER(SEARCH("; domain correction; ","; "&H74&"; ")),1,0) -> 0 | Z74: =IF(ISNUMBER(SEARCH("; conceptual discrimination; ","; "&H74&"; ")),1,0) -> 0 | AA74: =IF(ISNUMBER(SEARCH("; evidence judgment; ","; "&H74&"; ")),1,0) -> 1 | AB74: =IF(ISNUMBER(SEARCH("; methodological judgment; ","; "&H74&"; ")),1,0) -> 1 | AC74: =IF(ISNUMBER(SEARCH("; argumentative judgment; ","; "&H74&"; ")),1,0) -> 0 | AD74: =IF(ISNUMBER(SEARCH("; genre/writing expertise; ","; "&H74&"; ")),1,0) -> 0 | AE74: =IF(ISNUMBER(SEARCH("; none; ","; "&H74&"; ")),1,0) -> 0
A75: P7-W2-009 | B75: 74 | C75: Writing log 2 | D75: downloadable document Word | E75: Selection/Rejection | F75: Directed delegation | G75: Directive | H75: none | I75: Chooses downloadable Word delivery with no new analytical judgment. | J75: AI supplies an expanded review ending with a nine-source table. | K75: W2 p15 L21-p15 L21 | L75: W2 p15 L23-p24 L18 | N75: Visible next AI response | O75: A nine-source table appears after the request for more than fifteen. File-delivery success is not inferred. | P75: =IF(OR(E75="Delegation",ISNUMBER(SEARCH("; Delegation; ","; "&F75&"; "))),1,0) -> 0 | Q75: =IF(OR(E75="Directed delegation",ISNUMBER(SEARCH("; Directed delegation; ","; "&F75&"; "))),1,0) -> 1 | R75: =IF(OR(E75="Evaluation",ISNUMBER(SEARCH("; Evaluation; ","; "&F75&"; "))),1,0) -> 0 | S75: =IF(OR(E75="Correction/Challenge",ISNUMBER(SEARCH("; Correction/Challenge; ","; "&F75&"; "))),1,0) -> 0 | T75: =IF(OR(E75="Redirection",ISNUMBER(SEARCH("; Redirection; ","; "&F75&"; "))),1,0) -> 0 | U75: =IF(OR(E75="Knowledge injection",ISNUMBER(SEARCH("; Knowledge injection; ","; "&F75&"; "))),1,0) -> 0 | V75: =IF(OR(E75="Selection/Rejection",ISNUMBER(SEARCH("; Selection/Rejection; ","; "&F75&"; "))),1,0) -> 1 | W75: =IF(OR(E75="Deliberation",ISNUMBER(SEARCH("; Deliberation; ","; "&F75&"; "))),1,0) -> 0 | X75: =SUM(Paper7Coding[[#This Row],[Subject-matter correction]:[Genre/ writing expertise]]) -> 0 | Y75: =IF(ISNUMBER(SEARCH("; domain correction; ","; "&H75&"; ")),1,0) -> 0 | Z75: =IF(ISNUMBER(SEARCH("; conceptual discrimination; ","; "&H75&"; ")),1,0) -> 0 | AA75: =IF(ISNUMBER(SEARCH("; evidence judgment; ","; "&H75&"; ")),1,0) -> 0 | AB75: =IF(ISNUMBER(SEARCH("; methodological judgment; ","; "&H75&"; ")),1,0) -> 0 | AC75: =IF(ISNUMBER(SEARCH("; argumentative judgment; ","; "&H75&"; ")),1,0) -> 0 | AD75: =IF(ISNUMBER(SEARCH("; genre/writing expertise; ","; "&H75&"; ")),1,0) -> 0 | AE75: =IF(ISNUMBER(SEARCH("; none; ","; "&H75&"; ")),1,0) -> 1
A76: P7-W2-010 | B76: 75 | C76: Writing log 2 | D76: for "Study Quality Assessment", did yuo use AACODS (Authority, Accuracy, Coverage, Objectivity, Date, Significance). ? | E76: Evaluation | G76: Evaluative | H76: methodological judgment; evidence judgment | I76: Checks whether the named AACODS quality-assessment framework was applied. | J76: AI claims AACODS use and describes the checklist. | K76: W2 p24 L20-p24 L21 | L76: W2 p24 L23-p25 L13 | N76: Visible next AI response | O76: AACODS application is claimed by AI, not independently validated here. | P76: =IF(OR(E76="Delegation",ISNUMBER(SEARCH("; Delegation; ","; "&F76&"; "))),1,0) -> 0 | Q76: =IF(OR(E76="Directed delegation",ISNUMBER(SEARCH("; Directed delegation; ","; "&F76&"; "))),1,0) -> 0 | R76: =IF(OR(E76="Evaluation",ISNUMBER(SEARCH("; Evaluation; ","; "&F76&"; "))),1,0) -> 1 | S76: =IF(OR(E76="Correction/Challenge",ISNUMBER(SEARCH("; Correction/Challenge; ","; "&F76&"; "))),1,0) -> 0 | T76: =IF(OR(E76="Redirection",ISNUMBER(SEARCH("; Redirection; ","; "&F76&"; "))),1,0) -> 0 | U76: =IF(OR(E76="Knowledge injection",ISNUMBER(SEARCH("; Knowledge injection; ","; "&F76&"; "))),1,0) -> 0 | V76: =IF(OR(E76="Selection/Rejection",ISNUMBER(SEARCH("; Selection/Rejection; ","; "&F76&"; "))),1,0) -> 0 | W76: =IF(OR(E76="Deliberation",ISNUMBER(SEARCH("; Deliberation; ","; "&F76&"; "))),1,0) -> 0 | X76: =SUM(Paper7Coding[[#This Row],[Subject-matter correction]:[Genre/ writing expertise]]) -> 2 | Y76: =IF(ISNUMBER(SEARCH("; domain correction; ","; "&H76&"; ")),1,0) -> 0 | Z76: =IF(ISNUMBER(SEARCH("; conceptual discrimination; ","; "&H76&"; ")),1,0) -> 0 | AA76: =IF(ISNUMBER(SEARCH("; evidence judgment; ","; "&H76&"; ")),1,0) -> 1 | AB76: =IF(ISNUMBER(SEARCH("; methodological judgment; ","; "&H76&"; ")),1,0) -> 1 | AC76: =IF(ISNUMBER(SEARCH("; argumentative judgment; ","; "&H76&"; ")),1,0) -> 0 | AD76: =IF(ISNUMBER(SEARCH("; genre/writing expertise; ","; "&H76&"; ")),1,0) -> 0 | AE76: =IF(ISNUMBER(SEARCH("; none; ","; "&H76&"; ")),1,0) -> 0
A77: P7-W2-011 | B77: 76 | C77: Writing log 2 | D77: my other question: in the very last analysis, you found 9 sources (S1-S9) and you had found 15 sources in the 2nd last analysis. are they different, or have overlap? shall we combine them? | E77: Deliberation | F77: Evaluation; Correction/Challenge | G77: Deliberative | H77: evidence judgment; methodological judgment | I77: Detects inconsistent source counts and asks about overlap and combining sets. | J77: AI claims nine were filtered from fifteen and proposes a master table. | K77: W2 p25 L15-p25 L16 | L77: W2 p25 L18-p25 L25 | N77: Visible next AI response | O77: AI explains nine-versus-fifteen as filtering; this explanation is not supported by a reconciled item-level audit in this turn. | P77: =IF(OR(E77="Delegation",ISNUMBER(SEARCH("; Delegation; ","; "&F77&"; "))),1,0) -> 0 | Q77: =IF(OR(E77="Directed delegation",ISNUMBER(SEARCH("; Directed delegation; ","; "&F77&"; "))),1,0) -> 0 | R77: =IF(OR(E77="Evaluation",ISNUMBER(SEARCH("; Evaluation; ","; "&F77&"; "))),1,0) -> 1 | S77: =IF(OR(E77="Correction/Challenge",ISNUMBER(SEARCH("; Correction/Challenge; ","; "&F77&"; "))),1,0) -> 1 | T77: =IF(OR(E77="Redirection",ISNUMBER(SEARCH("; Redirection; ","; "&F77&"; "))),1,0) -> 0 | U77: =IF(OR(E77="Knowledge injection",ISNUMBER(SEARCH("; Knowledge injection; ","; "&F77&"; "))),1,0) -> 0 | V77: =IF(OR(E77="Selection/Rejection",ISNUMBER(SEARCH("; Selection/Rejection; ","; "&F77&"; "))),1,0) -> 0 | W77: =IF(OR(E77="Deliberation",ISNUMBER(SEARCH("; Deliberation; ","; "&F77&"; "))),1,0) -> 1 | X77: =SUM(Paper7Coding[[#This Row],[Subject-matter correction]:[Genre/ writing expertise]]) -> 2 | Y77: =IF(ISNUMBER(SEARCH("; domain correction; ","; "&H77&"; ")),1,0) -> 0 | Z77: =IF(ISNUMBER(SEARCH("; conceptual discrimination; ","; "&H77&"; ")),1,0) -> 0 | AA77: =IF(ISNUMBER(SEARCH("; evidence judgment; ","; "&H77&"; ")),1,0) -> 1 | AB77: =IF(ISNUMBER(SEARCH("; methodological judgment; ","; "&H77&"; ")),1,0) -> 1 | AC77: =IF(ISNUMBER(SEARCH("; argumentative judgment; ","; "&H77&"; ")),1,0) -> 0 | AD77: =IF(ISNUMBER(SEARCH("; genre/writing expertise; ","; "&H77&"; ")),1,0) -> 0 | AE77: =IF(ISNUMBER(SEARCH("; none; ","; "&H77&"; ")),1,0) -> 0
A78: P7-W2-012 | B78: 77 | C78: Writing log 2 | D78: I compared both the tables … combined them … checked all the URLs … 20 resources … expand … three or fourfold … thematic analysis … go through their "next pages" buttons. | E78: Knowledge injection | F78: Directed delegation | G78: Directive | H78: evidence judgment; methodological judgment; genre/writing expertise | I78: Reports personally combining and URL-checking 20 sources; directs deeper thematic synthesis and forum pagination. | J78: AI asks whether the 20-source pool is definitive and how to deliver results. | K78: W2 p25 L27-p25 L40 | L78: W2 p25 L42-p26 L4 | M78: Referenced attachment/material; attachment contents are not separate human turns. | N78: Visible next AI response | O78: URL checking and merging are reported human actions. The referenced Excel attachment is not independently inspected in this analysis. | P78: =IF(OR(E78="Delegation",ISNUMBER(SEARCH("; Delegation; ","; "&F78&"; "))),1,0) -> 0 | Q78: =IF(OR(E78="Directed delegation",ISNUMBER(SEARCH("; Directed delegation; ","; "&F78&"; "))),1,0) -> 1 | R78: =IF(OR(E78="Evaluation",ISNUMBER(SEARCH("; Evaluation; ","; "&F78&"; "))),1,0) -> 0 | S78: =IF(OR(E78="Correction/Challenge",ISNUMBER(SEARCH("; Correction/Challenge; ","; "&F78&"; "))),1,0) -> 0 | T78: =IF(OR(E78="Redirection",ISNUMBER(SEARCH("; Redirection; ","; "&F78&"; "))),1,0) -> 0 | U78: =IF(OR(E78="Knowledge injection",ISNUMBER(SEARCH("; Knowledge injection; ","; "&F78&"; "))),1,0) -> 1 | V78: =IF(OR(E78="Selection/Rejection",ISNUMBER(SEARCH("; Selection/Rejection; ","; "&F78&"; "))),1,0) -> 0 | W78: =IF(OR(E78="Deliberation",ISNUMBER(SEARCH("; Deliberation; ","; "&F78&"; "))),1,0) -> 0 | X78: =SUM(Paper7Coding[[#This Row],[Subject-matter correction]:[Genre/ writing expertise]]) -> 3 | Y78: =IF(ISNUMBER(SEARCH("; domain correction; ","; "&H78&"; ")),1,0) -> 0 | Z78: =IF(ISNUMBER(SEARCH("; conceptual discrimination; ","; "&H78&"; ")),1,0) -> 0 | AA78: =IF(ISNUMBER(SEARCH("; evidence judgment; ","; "&H78&"; ")),1,0) -> 1 | AB78: =IF(ISNUMBER(SEARCH("; methodological judgment; ","; "&H78&"; ")),1,0) -> 1 | AC78: =IF(ISNUMBER(SEARCH("; argumentative judgment; ","; "&H78&"; ")),1,0) -> 0 | AD78: =IF(ISNUMBER(SEARCH("; genre/writing expertise; ","; "&H78&"; ")),1,0) -> 1 | AE78: =IF(ISNUMBER(SEARCH("; none; ","; "&H78&"; ")),1,0) -> 0
A79: P7-W2-013 | B79: 78 | C79: Writing log 2 | D79: RE: Should I treat your 20-source Excel file as the definitive, final set of included sources for the RQ analysis (i.e., no additional new sources beyond S1–S20)? Do you want the expanded write-up for RQ1 and RQ2 to be returned in plain text here, or should it be delivered as a downloadable Word … | E79: Knowledge injection | G79: Directive | H79: none | I79: Pastes the AI's questions without answering them; content is copied clarification rather than the human's judgment. | J79: No substantive AI response is visible before the next human message. | K79: W2 p26 L6-p26 L12 | M79: Referenced attachment/material; attachment contents are not separate human turns. Pastes preceding AI clarification questions. | N79: No substantive AI reply visible | O79: Copied AI clarification questions are retained as a separate visible human message; intent is ambiguous and there is no substantive AI reply. | P79: =IF(OR(E79="Delegation",ISNUMBER(SEARCH("; Delegation; ","; "&F79&"; "))),1,0) -> 0 | Q79: =IF(OR(E79="Directed delegation",ISNUMBER(SEARCH("; Directed delegation; ","; "&F79&"; "))),1,0) -> 0 | R79: =IF(OR(E79="Evaluation",ISNUMBER(SEARCH("; Evaluation; ","; "&F79&"; "))),1,0) -> 0 | S79: =IF(OR(E79="Correction/Challenge",ISNUMBER(SEARCH("; Correction/Challenge; ","; "&F79&"; "))),1,0) -> 0 | T79: =IF(OR(E79="Redirection",ISNUMBER(SEARCH("; Redirection; ","; "&F79&"; "))),1,0) -> 0 | U79: =IF(OR(E79="Knowledge injection",ISNUMBER(SEARCH("; Knowledge injection; ","; "&F79&"; "))),1,0) -> 1 | V79: =IF(OR(E79="Selection/Rejection",ISNUMBER(SEARCH("; Selection/Rejection; ","; "&F79&"; "))),1,0) -> 0 | W79: =IF(OR(E79="Deliberation",ISNUMBER(SEARCH("; Deliberation; ","; "&F79&"; "))),1,0) -> 0 | X79: =SUM(Paper7Coding[[#This Row],[Subject-matter correction]:[Genre/ writing expertise]]) -> 0 | Y79: =IF(ISNUMBER(SEARCH("; domain correction; ","; "&H79&"; ")),1,0) -> 0 | Z79: =IF(ISNUMBER(SEARCH("; conceptual discrimination; ","; "&H79&"; ")),1,0) -> 0 | AA79: =IF(ISNUMBER(SEARCH("; evidence judgment; ","; "&H79&"; ")),1,0) -> 0 | AB79: =IF(ISNUMBER(SEARCH("; methodological judgment; ","; "&H79&"; ")),1,0) -> 0 | AC79: =IF(ISNUMBER(SEARCH("; argumentative judgment; ","; "&H79&"; ")),1,0) -> 0 | AD79: =IF(ISNUMBER(SEARCH("; genre/writing expertise; ","; "&H79&"; ")),1,0) -> 0 | AE79: =IF(ISNUMBER(SEARCH("; none; ","; "&H79&"; ")),1,0) -> 1
A80: P7-W2-014 | B80: 79 | C80: Writing log 2 | D80: Yes, these 20 sources are the final (definitive) set … Do NOT do any new searches … Synthesis of qualitative opinions … Structured by thematic coding sub-sections … [also pastes earlier prompts]. | E80: Correction/Challenge | F80: Directed delegation; Redirection; Selection/Rejection; Knowledge injection | G80: Critical | H80: evidence judgment; methodological judgment; conceptual discrimination; genre/writing expertise | I80: Stops new searches, fixes a final pool and synthesis workflow; includes copied earlier prompts and conflicting language instructions. | J80: AI restates the plan and again asks for confirmation. | K80: W2 p26 L14-p27 L24 | L80: W2 p27 L26-p27 L35 | M80: Referenced attachment/material; attachment contents are not separate human turns. Contains a block of previously used prompts inside this message. | N80: Visible next AI response | O80: One visible message contains pasted prior prompts, including source repairs and an English-only instruction conflicting with its multilingual instruction. These embedded excerpts are not counted as separate turns. Expertise attribution relies primarily on the current final-pool/synthesis directives. | P80: =IF(OR(E80="Delegation",ISNUMBER(SEARCH("; Delegation; ","; "&F80&"; "))),1,0) -> 0 | Q80: =IF(OR(E80="Directed delegation",ISNUMBER(SEARCH("; Directed delegation; ","; "&F80&"; "))),1,0) -> 1 | R80: =IF(OR(E80="Evaluation",ISNUMBER(SEARCH("; Evaluation; ","; "&F80&"; "))),1,0) -> 0 | S80: =IF(OR(E80="Correction/Challenge",ISNUMBER(SEARCH("; Correction/Challenge; ","; "&F80&"; "))),1,0) -> 1 | T80: =IF(OR(E80="Redirection",ISNUMBER(SEARCH("; Redirection; ","; "&F80&"; "))),1,0) -> 1 | U80: =IF(OR(E80="Knowledge injection",ISNUMBER(SEARCH("; Knowledge injection; ","; "&F80&"; "))),1,0) -> 1 | V80: =IF(OR(E80="Selection/Rejection",ISNUMBER(SEARCH("; Selection/Rejection; ","; "&F80&"; "))),1,0) -> 1 | W80: =IF(OR(E80="Deliberation",ISNUMBER(SEARCH("; Deliberation; ","; "&F80&"; "))),1,0) -> 0 | X80: =SUM(Paper7Coding[[#This Row],[Subject-matter correction]:[Genre/ writing expertise]]) -> 4 | Y80: =IF(ISNUMBER(SEARCH("; domain correction; ","; "&H80&"; ")),1,0) -> 0 | Z80: =IF(ISNUMBER(SEARCH("; conceptual discrimination; ","; "&H80&"; ")),1,0) -> 1 | AA80: =IF(ISNUMBER(SEARCH("; evidence judgment; ","; "&H80&"; ")),1,0) -> 1 | AB80: =IF(ISNUMBER(SEARCH("; methodological judgment; ","; "&H80&"; ")),1,0) -> 1 | AC80: =IF(ISNUMBER(SEARCH("; argumentative judgment; ","; "&H80&"; ")),1,0) -> 0 | AD80: =IF(ISNUMBER(SEARCH("; genre/writing expertise; ","; "&H80&"; ")),1,0) -> 1 | AE80: =IF(ISNUMBER(SEARCH("; none; ","; "&H80&"; ")),1,0) -> 0
A81: P7-W2-015 | B81: 80 | C81: Writing log 2 | D81: I confirm | E81: Selection/Rejection | G81: Directive | H81: none | I81: Confirms the offered 20-source synthesis workflow. | J81: AI supplies thematic RQ results and a source table. | K81: W2 p27 L37-p27 L37 | L81: W2 p28 L2-p32 L12 | N81: Visible next AI response | O81: The AI table labels S19 a duplicate of S13. A 20-ID pool is not proof of twenty distinct resources. | P81: =IF(OR(E81="Delegation",ISNUMBER(SEARCH("; Delegation; ","; "&F81&"; "))),1,0) -> 0 | Q81: =IF(OR(E81="Directed delegation",ISNUMBER(SEARCH("; Directed delegation; ","; "&F81&"; "))),1,0) -> 0 | R81: =IF(OR(E81="Evaluation",ISNUMBER(SEARCH("; Evaluation; ","; "&F81&"; "))),1,0) -> 0 | S81: =IF(OR(E81="Correction/Challenge",ISNUMBER(SEARCH("; Correction/Challenge; ","; "&F81&"; "))),1,0) -> 0 | T81: =IF(OR(E81="Redirection",ISNUMBER(SEARCH("; Redirection; ","; "&F81&"; "))),1,0) -> 0 | U81: =IF(OR(E81="Knowledge injection",ISNUMBER(SEARCH("; Knowledge injection; ","; "&F81&"; "))),1,0) -> 0 | V81: =IF(OR(E81="Selection/Rejection",ISNUMBER(SEARCH("; Selection/Rejection; ","; "&F81&"; "))),1,0) -> 1 | W81: =IF(OR(E81="Deliberation",ISNUMBER(SEARCH("; Deliberation; ","; "&F81&"; "))),1,0) -> 0 | X81: =SUM(Paper7Coding[[#This Row],[Subject-matter correction]:[Genre/ writing expertise]]) -> 0 | Y81: =IF(ISNUMBER(SEARCH("; domain correction; ","; "&H81&"; ")),1,0) -> 0 | Z81: =IF(ISNUMBER(SEARCH("; conceptual discrimination; ","; "&H81&"; ")),1,0) -> 0 | AA81: =IF(ISNUMBER(SEARCH("; evidence judgment; ","; "&H81&"; ")),1,0) -> 0 | AB81: =IF(ISNUMBER(SEARCH("; methodological judgment; ","; "&H81&"; ")),1,0) -> 0 | AC81: =IF(ISNUMBER(SEARCH("; argumentative judgment; ","; "&H81&"; ")),1,0) -> 0 | AD81: =IF(ISNUMBER(SEARCH("; genre/writing expertise; ","; "&H81&"; ")),1,0) -> 0 | AE81: =IF(ISNUMBER(SEARCH("; none; ","; "&H81&"; ")),1,0) -> 1
A82: P7-W2-016 | B82: 81 | C82: Writing log 2 | D82: I see that you have include the ref's in each paragraph above, and you have cited EACH source at end of sentences. But I want citation to EACH source at end of sentence to also be in this format [Si] | E82: Correction/Challenge | F82: Directed delegation | G82: Critical | H82: genre/writing expertise | I82: Identifies noncompliance with the agreed source-ID citation style. | J82: AI asks for citation-style confirmation. | K82: W2 p32 L14-p32 L15 | L82: W2 p32 L17-p32 L20 | N82: Visible next AI response | P82: =IF(OR(E82="Delegation",ISNUMBER(SEARCH("; Delegation; ","; "&F82&"; "))),1,0) -> 0 | Q82: =IF(OR(E82="Directed delegation",ISNUMBER(SEARCH("; Directed delegation; ","; "&F82&"; "))),1,0) -> 1 | R82: =IF(OR(E82="Evaluation",ISNUMBER(SEARCH("; Evaluation; ","; "&F82&"; "))),1,0) -> 0 | S82: =IF(OR(E82="Correction/Challenge",ISNUMBER(SEARCH("; Correction/Challenge; ","; "&F82&"; "))),1,0) -> 1 | T82: =IF(OR(E82="Redirection",ISNUMBER(SEARCH("; Redirection; ","; "&F82&"; "))),1,0) -> 0 | U82: =IF(OR(E82="Knowledge injection",ISNUMBER(SEARCH("; Knowledge injection; ","; "&F82&"; "))),1,0) -> 0 | V82: =IF(OR(E82="Selection/Rejection",ISNUMBER(SEARCH("; Selection/Rejection; ","; "&F82&"; "))),1,0) -> 0 | W82: =IF(OR(E82="Deliberation",ISNUMBER(SEARCH("; Deliberation; ","; "&F82&"; "))),1,0) -> 0 | X82: =SUM(Paper7Coding[[#This Row],[Subject-matter correction]:[Genre/ writing expertise]]) -> 1 | Y82: =IF(ISNUMBER(SEARCH("; domain correction; ","; "&H82&"; ")),1,0) -> 0 | Z82: =IF(ISNUMBER(SEARCH("; conceptual discrimination; ","; "&H82&"; ")),1,0) -> 0 | AA82: =IF(ISNUMBER(SEARCH("; evidence judgment; ","; "&H82&"; ")),1,0) -> 0 | AB82: =IF(ISNUMBER(SEARCH("; methodological judgment; ","; "&H82&"; ")),1,0) -> 0 | AC82: =IF(ISNUMBER(SEARCH("; argumentative judgment; ","; "&H82&"; ")),1,0) -> 0 | AD82: =IF(ISNUMBER(SEARCH("; genre/writing expertise; ","; "&H82&"; ")),1,0) -> 1 | AE82: =IF(ISNUMBER(SEARCH("; none; ","; "&H82&"; ")),1,0) -> 0
A83: P7-W2-017 | B83: 82 | C83: Writing log 2 | D83: no need for detailed inline references. just [s1] [si] etc in all text | E83: Directed delegation | F83: Selection/Rejection | G83: Directive | H83: genre/writing expertise | I83: Excludes detailed inline references and specifies source-ID markers throughout. | J83: AI announces another MLR instead of just editing citations. | K83: W2 p32 L22-p32 L22 | L83: W2 p32 L24-p32 L30 | N83: Visible next AI response | P83: =IF(OR(E83="Delegation",ISNUMBER(SEARCH("; Delegation; ","; "&F83&"; "))),1,0) -> 0 | Q83: =IF(OR(E83="Directed delegation",ISNUMBER(SEARCH("; Directed delegation; ","; "&F83&"; "))),1,0) -> 1 | R83: =IF(OR(E83="Evaluation",ISNUMBER(SEARCH("; Evaluation; ","; "&F83&"; "))),1,0) -> 0 | S83: =IF(OR(E83="Correction/Challenge",ISNUMBER(SEARCH("; Correction/Challenge; ","; "&F83&"; "))),1,0) -> 0 | T83: =IF(OR(E83="Redirection",ISNUMBER(SEARCH("; Redirection; ","; "&F83&"; "))),1,0) -> 0 | U83: =IF(OR(E83="Knowledge injection",ISNUMBER(SEARCH("; Knowledge injection; ","; "&F83&"; "))),1,0) -> 0 | V83: =IF(OR(E83="Selection/Rejection",ISNUMBER(SEARCH("; Selection/Rejection; ","; "&F83&"; "))),1,0) -> 1 | W83: =IF(OR(E83="Deliberation",ISNUMBER(SEARCH("; Deliberation; ","; "&F83&"; "))),1,0) -> 0 | X83: =SUM(Paper7Coding[[#This Row],[Subject-matter correction]:[Genre/ writing expertise]]) -> 1 | Y83: =IF(ISNUMBER(SEARCH("; domain correction; ","; "&H83&"; ")),1,0) -> 0 | Z83: =IF(ISNUMBER(SEARCH("; conceptual discrimination; ","; "&H83&"; ")),1,0) -> 0 | AA83: =IF(ISNUMBER(SEARCH("; evidence judgment; ","; "&H83&"; ")),1,0) -> 0 | AB83: =IF(ISNUMBER(SEARCH("; methodological judgment; ","; "&H83&"; ")),1,0) -> 0 | AC83: =IF(ISNUMBER(SEARCH("; argumentative judgment; ","; "&H83&"; ")),1,0) -> 0 | AD83: =IF(ISNUMBER(SEARCH("; genre/writing expertise; ","; "&H83&"; ")),1,0) -> 1 | AE83: =IF(ISNUMBER(SEARCH("; none; ","; "&H83&"; ")),1,0) -> 0
A84: P7-W2-018 | B84: 83 | C84: Writing log 2 | D84: stop! you already have done the MLR work. just take your text of RQ1 and 2 results from above, and "replace" those in-line cites with [si]'s, like I show in the figure | E84: Correction/Challenge | F84: Redirection; Directed delegation | G84: Critical | H84: genre/writing expertise | I84: Stops unnecessary repeat research and limits the task to replacing citations in existing results. | J84: AI acknowledges the restricted edit and asks to generate a Word file. | K84: W2 p33 L2-p33 L3 | L84: W2 p33 L5-p33 L10 | N84: Visible next AI response | P84: =IF(OR(E84="Delegation",ISNUMBER(SEARCH("; Delegation; ","; "&F84&"; "))),1,0) -> 0 | Q84: =IF(OR(E84="Directed delegation",ISNUMBER(SEARCH("; Directed delegation; ","; "&F84&"; "))),1,0) -> 1 | R84: =IF(OR(E84="Evaluation",ISNUMBER(SEARCH("; Evaluation; ","; "&F84&"; "))),1,0) -> 0 | S84: =IF(OR(E84="Correction/Challenge",ISNUMBER(SEARCH("; Correction/Challenge; ","; "&F84&"; "))),1,0) -> 1 | T84: =IF(OR(E84="Redirection",ISNUMBER(SEARCH("; Redirection; ","; "&F84&"; "))),1,0) -> 1 | U84: =IF(OR(E84="Knowledge injection",ISNUMBER(SEARCH("; Knowledge injection; ","; "&F84&"; "))),1,0) -> 0 | V84: =IF(OR(E84="Selection/Rejection",ISNUMBER(SEARCH("; Selection/Rejection; ","; "&F84&"; "))),1,0) -> 0 | W84: =IF(OR(E84="Deliberation",ISNUMBER(SEARCH("; Deliberation; ","; "&F84&"; "))),1,0) -> 0 | X84: =SUM(Paper7Coding[[#This Row],[Subject-matter correction]:[Genre/ writing expertise]]) -> 1 | Y84: =IF(ISNUMBER(SEARCH("; domain correction; ","; "&H84&"; ")),1,0) -> 0 | Z84: =IF(ISNUMBER(SEARCH("; conceptual discrimination; ","; "&H84&"; ")),1,0) -> 0 | AA84: =IF(ISNUMBER(SEARCH("; evidence judgment; ","; "&H84&"; ")),1,0) -> 0 | AB84: =IF(ISNUMBER(SEARCH("; methodological judgment; ","; "&H84&"; ")),1,0) -> 0 | AC84: =IF(ISNUMBER(SEARCH("; argumentative judgment; ","; "&H84&"; ")),1,0) -> 0 | AD84: =IF(ISNUMBER(SEARCH("; genre/writing expertise; ","; "&H84&"; ")),1,0) -> 1 | AE84: =IF(ISNUMBER(SEARCH("; none; ","; "&H84&"; ")),1,0) -> 0
A85: P7-W2-019 | B85: 84 | C85: Writing log 2 | D85: yes | E85: Selection/Rejection | G85: Directive | H85: none | I85: Accepts the offered Word export of corrected citations. | J85: AI states a Word file was prepared; the extracted response has no usable download target. | K85: W2 p33 L12-p33 L12 | L85: W2 p33 L14-p33 L15 | N85: Visible next AI response | O85: AI says a Word file is prepared, but the exported text has no usable download URL; file creation is unverified. | P85: =IF(OR(E85="Delegation",ISNUMBER(SEARCH("; Delegation; ","; "&F85&"; "))),1,0) -> 0 | Q85: =IF(OR(E85="Directed delegation",ISNUMBER(SEARCH("; Directed delegation; ","; "&F85&"; "))),1,0) -> 0 | R85: =IF(OR(E85="Evaluation",ISNUMBER(SEARCH("; Evaluation; ","; "&F85&"; "))),1,0) -> 0 | S85: =IF(OR(E85="Correction/Challenge",ISNUMBER(SEARCH("; Correction/Challenge; ","; "&F85&"; "))),1,0) -> 0 | T85: =IF(OR(E85="Redirection",ISNUMBER(SEARCH("; Redirection; ","; "&F85&"; "))),1,0) -> 0 | U85: =IF(OR(E85="Knowledge injection",ISNUMBER(SEARCH("; Knowledge injection; ","; "&F85&"; "))),1,0) -> 0 | V85: =IF(OR(E85="Selection/Rejection",ISNUMBER(SEARCH("; Selection/Rejection; ","; "&F85&"; "))),1,0) -> 1 | W85: =IF(OR(E85="Deliberation",ISNUMBER(SEARCH("; Deliberation; ","; "&F85&"; "))),1,0) -> 0 | X85: =SUM(Paper7Coding[[#This Row],[Subject-matter correction]:[Genre/ writing expertise]]) -> 0 | Y85: =IF(ISNUMBER(SEARCH("; domain correction; ","; "&H85&"; ")),1,0) -> 0 | Z85: =IF(ISNUMBER(SEARCH("; conceptual discrimination; ","; "&H85&"; ")),1,0) -> 0 | AA85: =IF(ISNUMBER(SEARCH("; evidence judgment; ","; "&H85&"; ")),1,0) -> 0 | AB85: =IF(ISNUMBER(SEARCH("; methodological judgment; ","; "&H85&"; ")),1,0) -> 0 | AC85: =IF(ISNUMBER(SEARCH("; argumentative judgment; ","; "&H85&"; ")),1,0) -> 0 | AD85: =IF(ISNUMBER(SEARCH("; genre/writing expertise; ","; "&H85&"; ")),1,0) -> 0 | AE85: =IF(ISNUMBER(SEARCH("; none; ","; "&H85&"; ")),1,0) -> 1
A86: P7-W2-020 | B86: 85 | C86: Writing log 2 | D86: For each paragraph … itemize the exact verbatims from each primary resource … Give this analysis (traceability) log, paragraph by paragraph, so I can inspect … expand each paragraph by 2 fold. | E86: Directed delegation | F86: Knowledge injection | G86: Directive | H86: evidence judgment; methodological judgment; genre/writing expertise | I86: Requires paragraph-level claim-to-verbatim mapping, inspection, added quotes and longer narrative; quoted results illustrate the requested format. | J86: AI restates expansion and traceability requirements and asks which RQ first. | K86: W2 p33 L17-p33 L40 | L86: W2 p34 L2-p34 L12 | M86: Includes supplied outline, draft or previously generated text. | N86: Visible next AI response | O86: Prompt says RQ2 and 3 but illustrates endorsements and AI responds RQ1/RQ2. The source wording is preserved rather than silently corrected. | P86: =IF(OR(E86="Delegation",ISNUMBER(SEARCH("; Delegation; ","; "&F86&"; "))),1,0) -> 0 | Q86: =IF(OR(E86="Directed delegation",ISNUMBER(SEARCH("; Directed delegation; ","; "&F86&"; "))),1,0) -> 1 | R86: =IF(OR(E86="Evaluation",ISNUMBER(SEARCH("; Evaluation; ","; "&F86&"; "))),1,0) -> 0 | S86: =IF(OR(E86="Correction/Challenge",ISNUMBER(SEARCH("; Correction/Challenge; ","; "&F86&"; "))),1,0) -> 0 | T86: =IF(OR(E86="Redirection",ISNUMBER(SEARCH("; Redirection; ","; "&F86&"; "))),1,0) -> 0 | U86: =IF(OR(E86="Knowledge injection",ISNUMBER(SEARCH("; Knowledge injection; ","; "&F86&"; "))),1,0) -> 1 | V86: =IF(OR(E86="Selection/Rejection",ISNUMBER(SEARCH("; Selection/Rejection; ","; "&F86&"; "))),1,0) -> 0 | W86: =IF(OR(E86="Deliberation",ISNUMBER(SEARCH("; Deliberation; ","; "&F86&"; "))),1,0) -> 0 | X86: =SUM(Paper7Coding[[#This Row],[Subject-matter correction]:[Genre/ writing expertise]]) -> 3 | Y86: =IF(ISNUMBER(SEARCH("; domain correction; ","; "&H86&"; ")),1,0) -> 0 | Z86: =IF(ISNUMBER(SEARCH("; conceptual discrimination; ","; "&H86&"; ")),1,0) -> 0 | AA86: =IF(ISNUMBER(SEARCH("; evidence judgment; ","; "&H86&"; ")),1,0) -> 1 | AB86: =IF(ISNUMBER(SEARCH("; methodological judgment; ","; "&H86&"; ")),1,0) -> 1 | AC86: =IF(ISNUMBER(SEARCH("; argumentative judgment; ","; "&H86&"; ")),1,0) -> 0 | AD86: =IF(ISNUMBER(SEARCH("; genre/writing expertise; ","; "&H86&"; ")),1,0) -> 1 | AE86: =IF(ISNUMBER(SEARCH("; none; ","; "&H86&"; ")),1,0) -> 0
A87: P7-W2-021 | B87: 86 | C87: Writing log 2 | D87: RQ1 only first | E87: Selection/Rejection | F87: Directed delegation | G87: Directive | H87: none | I87: Selects RQ1 as the first unit of work. | J87: AI proposes a pilot theme before continuing. | K87: W2 p34 L14-p34 L14 | L87: W2 p34 L16-p34 L22 | N87: Visible next AI response | P87: =IF(OR(E87="Delegation",ISNUMBER(SEARCH("; Delegation; ","; "&F87&"; "))),1,0) -> 0 | Q87: =IF(OR(E87="Directed delegation",ISNUMBER(SEARCH("; Directed delegation; ","; "&F87&"; "))),1,0) -> 1 | R87: =IF(OR(E87="Evaluation",ISNUMBER(SEARCH("; Evaluation; ","; "&F87&"; "))),1,0) -> 0 | S87: =IF(OR(E87="Correction/Challenge",ISNUMBER(SEARCH("; Correction/Challenge; ","; "&F87&"; "))),1,0) -> 0 | T87: =IF(OR(E87="Redirection",ISNUMBER(SEARCH("; Redirection; ","; "&F87&"; "))),1,0) -> 0 | U87: =IF(OR(E87="Knowledge injection",ISNUMBER(SEARCH("; Knowledge injection; ","; "&F87&"; "))),1,0) -> 0 | V87: =IF(OR(E87="Selection/Rejection",ISNUMBER(SEARCH("; Selection/Rejection; ","; "&F87&"; "))),1,0) -> 1 | W87: =IF(OR(E87="Deliberation",ISNUMBER(SEARCH("; Deliberation; ","; "&F87&"; "))),1,0) -> 0 | X87: =SUM(Paper7Coding[[#This Row],[Subject-matter correction]:[Genre/ writing expertise]]) -> 0 | Y87: =IF(ISNUMBER(SEARCH("; domain correction; ","; "&H87&"; ")),1,0) -> 0 | Z87: =IF(ISNUMBER(SEARCH("; conceptual discrimination; ","; "&H87&"; ")),1,0) -> 0 | AA87: =IF(ISNUMBER(SEARCH("; evidence judgment; ","; "&H87&"; ")),1,0) -> 0 | AB87: =IF(ISNUMBER(SEARCH("; methodological judgment; ","; "&H87&"; ")),1,0) -> 0 | AC87: =IF(ISNUMBER(SEARCH("; argumentative judgment; ","; "&H87&"; ")),1,0) -> 0 | AD87: =IF(ISNUMBER(SEARCH("; genre/writing expertise; ","; "&H87&"; ")),1,0) -> 0 | AE87: =IF(ISNUMBER(SEARCH("; none; ","; "&H87&"; ")),1,0) -> 1
A88: P7-W2-022 | B88: 87 | C88: Writing log 2 | D88: Yes good idea | E88: Selection/Rejection | G88: Directive | H88: none | I88: Approves the pilot theme and traceability format. | J88: AI supplies the expanded career theme with purported quote mappings. | K88: W2 p34 L24-p34 L24 | L88: W2 p34 L26-p35 L15 | N88: Visible next AI response | O88: Quote mappings are AI assertions; they have not been checked against the primary resources in this log-coding task. | P88: =IF(OR(E88="Delegation",ISNUMBER(SEARCH("; Delegation; ","; "&F88&"; "))),1,0) -> 0 | Q88: =IF(OR(E88="Directed delegation",ISNUMBER(SEARCH("; Directed delegation; ","; "&F88&"; "))),1,0) -> 0 | R88: =IF(OR(E88="Evaluation",ISNUMBER(SEARCH("; Evaluation; ","; "&F88&"; "))),1,0) -> 0 | S88: =IF(OR(E88="Correction/Challenge",ISNUMBER(SEARCH("; Correction/Challenge; ","; "&F88&"; "))),1,0) -> 0 | T88: =IF(OR(E88="Redirection",ISNUMBER(SEARCH("; Redirection; ","; "&F88&"; "))),1,0) -> 0 | U88: =IF(OR(E88="Knowledge injection",ISNUMBER(SEARCH("; Knowledge injection; ","; "&F88&"; "))),1,0) -> 0 | V88: =IF(OR(E88="Selection/Rejection",ISNUMBER(SEARCH("; Selection/Rejection; ","; "&F88&"; "))),1,0) -> 1 | W88: =IF(OR(E88="Deliberation",ISNUMBER(SEARCH("; Deliberation; ","; "&F88&"; "))),1,0) -> 0 | X88: =SUM(Paper7Coding[[#This Row],[Subject-matter correction]:[Genre/ writing expertise]]) -> 0 | Y88: =IF(ISNUMBER(SEARCH("; domain correction; ","; "&H88&"; ")),1,0) -> 0 | Z88: =IF(ISNUMBER(SEARCH("; conceptual discrimination; ","; "&H88&"; ")),1,0) -> 0 | AA88: =IF(ISNUMBER(SEARCH("; evidence judgment; ","; "&H88&"; ")),1,0) -> 0 | AB88: =IF(ISNUMBER(SEARCH("; methodological judgment; ","; "&H88&"; ")),1,0) -> 0 | AC88: =IF(ISNUMBER(SEARCH("; argumentative judgment; ","; "&H88&"; ")),1,0) -> 0 | AD88: =IF(ISNUMBER(SEARCH("; genre/writing expertise; ","; "&H88&"; ")),1,0) -> 0 | AE88: =IF(ISNUMBER(SEARCH("; none; ","; "&H88&"; ")),1,0) -> 1
A89: P7-W2-023 | B89: 88 | C89: Writing log 2 | D89: yes | E89: Selection/Rejection | G89: Directive | H89: none | I89: Accepts continuation to the professional-recognition theme. | J89: AI supplies the expanded recognition theme and traceability list. | K89: W2 p35 L17-p35 L17 | L89: W2 p35 L19-p36 L4 | N89: Visible next AI response | P89: =IF(OR(E89="Delegation",ISNUMBER(SEARCH("; Delegation; ","; "&F89&"; "))),1,0) -> 0 | Q89: =IF(OR(E89="Directed delegation",ISNUMBER(SEARCH("; Directed delegation; ","; "&F89&"; "))),1,0) -> 0 | R89: =IF(OR(E89="Evaluation",ISNUMBER(SEARCH("; Evaluation; ","; "&F89&"; "))),1,0) -> 0 | S89: =IF(OR(E89="Correction/Challenge",ISNUMBER(SEARCH("; Correction/Challenge; ","; "&F89&"; "))),1,0) -> 0 | T89: =IF(OR(E89="Redirection",ISNUMBER(SEARCH("; Redirection; ","; "&F89&"; "))),1,0) -> 0 | U89: =IF(OR(E89="Knowledge injection",ISNUMBER(SEARCH("; Knowledge injection; ","; "&F89&"; "))),1,0) -> 0 | V89: =IF(OR(E89="Selection/Rejection",ISNUMBER(SEARCH("; Selection/Rejection; ","; "&F89&"; "))),1,0) -> 1 | W89: =IF(OR(E89="Deliberation",ISNUMBER(SEARCH("; Deliberation; ","; "&F89&"; "))),1,0) -> 0 | X89: =SUM(Paper7Coding[[#This Row],[Subject-matter correction]:[Genre/ writing expertise]]) -> 0 | Y89: =IF(ISNUMBER(SEARCH("; domain correction; ","; "&H89&"; ")),1,0) -> 0 | Z89: =IF(ISNUMBER(SEARCH("; conceptual discrimination; ","; "&H89&"; ")),1,0) -> 0 | AA89: =IF(ISNUMBER(SEARCH("; evidence judgment; ","; "&H89&"; ")),1,0) -> 0 | AB89: =IF(ISNUMBER(SEARCH("; methodological judgment; ","; "&H89&"; ")),1,0) -> 0 | AC89: =IF(ISNUMBER(SEARCH("; argumentative judgment; ","; "&H89&"; ")),1,0) -> 0 | AD89: =IF(ISNUMBER(SEARCH("; genre/writing expertise; ","; "&H89&"; ")),1,0) -> 0 | AE89: =IF(ISNUMBER(SEARCH("; none; ","; "&H89&"; ")),1,0) -> 1
A90: P7-W2-024 | B90: 89 | C90: Writing log 2 | D90: when you include these sources, there should be examples from each in the rest of the paragraph. I cannot find any example from [s3] in the rest of this paragraph | E90: Correction/Challenge | F90: Directed delegation | G90: Critical | H90: evidence judgment | I90: Detects that a cited source lacks a represented example in the paragraph. | J90: AI acknowledges the S3 traceability gap and proposes an example. | K90: W2 p36 L6-p36 L7 | L90: W2 p36 L9-p36 L17 | N90: Visible next AI response | O90: The identified gap concerns representation of S3. The proposed replacement quote is not independently verified. | P90: =IF(OR(E90="Delegation",ISNUMBER(SEARCH("; Delegation; ","; "&F90&"; "))),1,0) -> 0 | Q90: =IF(OR(E90="Directed delegation",ISNUMBER(SEARCH("; Directed delegation; ","; "&F90&"; "))),1,0) -> 1 | R90: =IF(OR(E90="Evaluation",ISNUMBER(SEARCH("; Evaluation; ","; "&F90&"; "))),1,0) -> 0 | S90: =IF(OR(E90="Correction/Challenge",ISNUMBER(SEARCH("; Correction/Challenge; ","; "&F90&"; "))),1,0) -> 1 | T90: =IF(OR(E90="Redirection",ISNUMBER(SEARCH("; Redirection; ","; "&F90&"; "))),1,0) -> 0 | U90: =IF(OR(E90="Knowledge injection",ISNUMBER(SEARCH("; Knowledge injection; ","; "&F90&"; "))),1,0) -> 0 | V90: =IF(OR(E90="Selection/Rejection",ISNUMBER(SEARCH("; Selection/Rejection; ","; "&F90&"; "))),1,0) -> 0 | W90: =IF(OR(E90="Deliberation",ISNUMBER(SEARCH("; Deliberation; ","; "&F90&"; "))),1,0) -> 0 | X90: =SUM(Paper7Coding[[#This Row],[Subject-matter correction]:[Genre/ writing expertise]]) -> 1 | Y90: =IF(ISNUMBER(SEARCH("; domain correction; ","; "&H90&"; ")),1,0) -> 0 | Z90: =IF(ISNUMBER(SEARCH("; conceptual discrimination; ","; "&H90&"; ")),1,0) -> 0 | AA90: =IF(ISNUMBER(SEARCH("; evidence judgment; ","; "&H90&"; ")),1,0) -> 1 | AB90: =IF(ISNUMBER(SEARCH("; methodological judgment; ","; "&H90&"; ")),1,0) -> 0 | AC90: =IF(ISNUMBER(SEARCH("; argumentative judgment; ","; "&H90&"; ")),1,0) -> 0 | AD90: =IF(ISNUMBER(SEARCH("; genre/writing expertise; ","; "&H90&"; ")),1,0) -> 0 | AE90: =IF(ISNUMBER(SEARCH("; none; ","; "&H90&"; ")),1,0) -> 0
A91: P7-W2-025 | B91: 90 | C91: Writing log 2 | D91: of course if there is a related discussion in s3 to theme of this paragraph "Professional Recognition and Credibility", bring it. if not, do not cite s3 | E91: Directed delegation | F91: Selection/Rejection | G91: Directive | H91: evidence judgment; methodological judgment | I91: Requires thematic relevance as the criterion for keeping S3; excludes it if unsupported. | J91: AI claims S3 is relevant and offers revision. | K91: W2 p36 L19-p36 L20 | L91: W2 p36 L22-p36 L29 | N91: Visible next AI response | P91: =IF(OR(E91="Delegation",ISNUMBER(SEARCH("; Delegation; ","; "&F91&"; "))),1,0) -> 0 | Q91: =IF(OR(E91="Directed delegation",ISNUMBER(SEARCH("; Directed delegation; ","; "&F91&"; "))),1,0) -> 1 | R91: =IF(OR(E91="Evaluation",ISNUMBER(SEARCH("; Evaluation; ","; "&F91&"; "))),1,0) -> 0 | S91: =IF(OR(E91="Correction/Challenge",ISNUMBER(SEARCH("; Correction/Challenge; ","; "&F91&"; "))),1,0) -> 0 | T91: =IF(OR(E91="Redirection",ISNUMBER(SEARCH("; Redirection; ","; "&F91&"; "))),1,0) -> 0 | U91: =IF(OR(E91="Knowledge injection",ISNUMBER(SEARCH("; Knowledge injection; ","; "&F91&"; "))),1,0) -> 0 | V91: =IF(OR(E91="Selection/Rejection",ISNUMBER(SEARCH("; Selection/Rejection; ","; "&F91&"; "))),1,0) -> 1 | W91: =IF(OR(E91="Deliberation",ISNUMBER(SEARCH("; Deliberation; ","; "&F91&"; "))),1,0) -> 0 | X91: =SUM(Paper7Coding[[#This Row],[Subject-matter correction]:[Genre/ writing expertise]]) -> 2 | Y91: =IF(ISNUMBER(SEARCH("; domain correction; ","; "&H91&"; ")),1,0) -> 0 | Z91: =IF(ISNUMBER(SEARCH("; conceptual discrimination; ","; "&H91&"; ")),1,0) -> 0 | AA91: =IF(ISNUMBER(SEARCH("; evidence judgment; ","; "&H91&"; ")),1,0) -> 1 | AB91: =IF(ISNUMBER(SEARCH("; methodological judgment; ","; "&H91&"; ")),1,0) -> 1 | AC91: =IF(ISNUMBER(SEARCH("; argumentative judgment; ","; "&H91&"; ")),1,0) -> 0 | AD91: =IF(ISNUMBER(SEARCH("; genre/writing expertise; ","; "&H91&"; ")),1,0) -> 0 | AE91: =IF(ISNUMBER(SEARCH("; none; ","; "&H91&"; ")),1,0) -> 0
A92: P7-W2-026 | B92: 91 | C92: Writing log 2 | D92: yes, and ensure doing that for all the next paragraphs | E92: Selection/Rejection | F92: Directed delegation | G92: Directive | H92: evidence judgment; methodological judgment | I92: Approves revision and generalizes the evidence-per-cited-source rule to future paragraphs. | J92: AI revises the recognition paragraph and traceability list. | K92: W2 p36 L31-p36 L31 | L92: W2 p36 L33-p37 L26 | N92: Visible next AI response | O92: AI supplies purported evidence, including attributed quotations; primary-source fidelity remains unverified. | P92: =IF(OR(E92="Delegation",ISNUMBER(SEARCH("; Delegation; ","; "&F92&"; "))),1,0) -> 0 | Q92: =IF(OR(E92="Directed delegation",ISNUMBER(SEARCH("; Directed delegation; ","; "&F92&"; "))),1,0) -> 1 | R92: =IF(OR(E92="Evaluation",ISNUMBER(SEARCH("; Evaluation; ","; "&F92&"; "))),1,0) -> 0 | S92: =IF(OR(E92="Correction/Challenge",ISNUMBER(SEARCH("; Correction/Challenge; ","; "&F92&"; "))),1,0) -> 0 | T92: =IF(OR(E92="Redirection",ISNUMBER(SEARCH("; Redirection; ","; "&F92&"; "))),1,0) -> 0 | U92: =IF(OR(E92="Knowledge injection",ISNUMBER(SEARCH("; Knowledge injection; ","; "&F92&"; "))),1,0) -> 0 | V92: =IF(OR(E92="Selection/Rejection",ISNUMBER(SEARCH("; Selection/Rejection; ","; "&F92&"; "))),1,0) -> 1 | W92: =IF(OR(E92="Deliberation",ISNUMBER(SEARCH("; Deliberation; ","; "&F92&"; "))),1,0) -> 0 | X92: =SUM(Paper7Coding[[#This Row],[Subject-matter correction]:[Genre/ writing expertise]]) -> 2 | Y92: =IF(ISNUMBER(SEARCH("; domain correction; ","; "&H92&"; ")),1,0) -> 0 | Z92: =IF(ISNUMBER(SEARCH("; conceptual discrimination; ","; "&H92&"; ")),1,0) -> 0 | AA92: =IF(ISNUMBER(SEARCH("; evidence judgment; ","; "&H92&"; ")),1,0) -> 1 | AB92: =IF(ISNUMBER(SEARCH("; methodological judgment; ","; "&H92&"; ")),1,0) -> 1 | AC92: =IF(ISNUMBER(SEARCH("; argumentative judgment; ","; "&H92&"; ")),1,0) -> 0 | AD92: =IF(ISNUMBER(SEARCH("; genre/writing expertise; ","; "&H92&"; ")),1,0) -> 0 | AE92: =IF(ISNUMBER(SEARCH("; none; ","; "&H92&"; ")),1,0) -> 0
A93: P7-W2-027 | B93: 92 | C93: Writing log 2 | D93: also always cite more than one cases like this: [S2, S3, S5, S7, S8]. now, regenerate "6.1.1 Career Advancement and Job Opportunities" | E93: Directed delegation | G93: Directive | H93: genre/writing expertise | I93: Sets grouped multi-source citation style and requests regeneration of a specified theme. | J93: AI regenerates the career theme with grouped citations. | K93: W2 p37 L28-p37 L29 | L93: W2 p37 L31-p38 L19 | N93: Visible next AI response | P93: =IF(OR(E93="Delegation",ISNUMBER(SEARCH("; Delegation; ","; "&F93&"; "))),1,0) -> 0 | Q93: =IF(OR(E93="Directed delegation",ISNUMBER(SEARCH("; Directed delegation; ","; "&F93&"; "))),1,0) -> 1 | R93: =IF(OR(E93="Evaluation",ISNUMBER(SEARCH("; Evaluation; ","; "&F93&"; "))),1,0) -> 0 | S93: =IF(OR(E93="Correction/Challenge",ISNUMBER(SEARCH("; Correction/Challenge; ","; "&F93&"; "))),1,0) -> 0 | T93: =IF(OR(E93="Redirection",ISNUMBER(SEARCH("; Redirection; ","; "&F93&"; "))),1,0) -> 0 | U93: =IF(OR(E93="Knowledge injection",ISNUMBER(SEARCH("; Knowledge injection; ","; "&F93&"; "))),1,0) -> 0 | V93: =IF(OR(E93="Selection/Rejection",ISNUMBER(SEARCH("; Selection/Rejection; ","; "&F93&"; "))),1,0) -> 0 | W93: =IF(OR(E93="Deliberation",ISNUMBER(SEARCH("; Deliberation; ","; "&F93&"; "))),1,0) -> 0 | X93: =SUM(Paper7Coding[[#This Row],[Subject-matter correction]:[Genre/ writing expertise]]) -> 1 | Y93: =IF(ISNUMBER(SEARCH("; domain correction; ","; "&H93&"; ")),1,0) -> 0 | Z93: =IF(ISNUMBER(SEARCH("; conceptual discrimination; ","; "&H93&"; ")),1,0) -> 0 | AA93: =IF(ISNUMBER(SEARCH("; evidence judgment; ","; "&H93&"; ")),1,0) -> 0 | AB93: =IF(ISNUMBER(SEARCH("; methodological judgment; ","; "&H93&"; ")),1,0) -> 0 | AC93: =IF(ISNUMBER(SEARCH("; argumentative judgment; ","; "&H93&"; ")),1,0) -> 0 | AD93: =IF(ISNUMBER(SEARCH("; genre/writing expertise; ","; "&H93&"; ")),1,0) -> 1 | AE93: =IF(ISNUMBER(SEARCH("; none; ","; "&H93&"; ")),1,0) -> 0
A94: P7-W2-028 | B94: 93 | C94: Writing log 2 | D94: give 6.1.3 | E94: Delegation | G94: Delegative | H94: none | I94: Requests the next numbered section without new substantive constraints. | J94: AI drafts the foundational-knowledge theme. | K94: W2 p38 L21-p38 L21 | L94: W2 p38 L23-p39 L11 | N94: Visible next AI response | P94: =IF(OR(E94="Delegation",ISNUMBER(SEARCH("; Delegation; ","; "&F94&"; "))),1,0) -> 1 | Q94: =IF(OR(E94="Directed delegation",ISNUMBER(SEARCH("; Directed delegation; ","; "&F94&"; "))),1,0) -> 0 | R94: =IF(OR(E94="Evaluation",ISNUMBER(SEARCH("; Evaluation; ","; "&F94&"; "))),1,0) -> 0 | S94: =IF(OR(E94="Correction/Challenge",ISNUMBER(SEARCH("; Correction/Challenge; ","; "&F94&"; "))),1,0) -> 0 | T94: =IF(OR(E94="Redirection",ISNUMBER(SEARCH("; Redirection; ","; "&F94&"; "))),1,0) -> 0 | U94: =IF(OR(E94="Knowledge injection",ISNUMBER(SEARCH("; Knowledge injection; ","; "&F94&"; "))),1,0) -> 0 | V94: =IF(OR(E94="Selection/Rejection",ISNUMBER(SEARCH("; Selection/Rejection; ","; "&F94&"; "))),1,0) -> 0 | W94: =IF(OR(E94="Deliberation",ISNUMBER(SEARCH("; Deliberation; ","; "&F94&"; "))),1,0) -> 0 | X94: =SUM(Paper7Coding[[#This Row],[Subject-matter correction]:[Genre/ writing expertise]]) -> 0 | Y94: =IF(ISNUMBER(SEARCH("; domain correction; ","; "&H94&"; ")),1,0) -> 0 | Z94: =IF(ISNUMBER(SEARCH("; conceptual discrimination; ","; "&H94&"; ")),1,0) -> 0 | AA94: =IF(ISNUMBER(SEARCH("; evidence judgment; ","; "&H94&"; ")),1,0) -> 0 | AB94: =IF(ISNUMBER(SEARCH("; methodological judgment; ","; "&H94&"; ")),1,0) -> 0 | AC94: =IF(ISNUMBER(SEARCH("; argumentative judgment; ","; "&H94&"; ")),1,0) -> 0 | AD94: =IF(ISNUMBER(SEARCH("; genre/writing expertise; ","; "&H94&"; ")),1,0) -> 0 | AE94: =IF(ISNUMBER(SEARCH("; none; ","; "&H94&"; ")),1,0) -> 1
A95: P7-W2-029 | B95: 94 | C95: Writing log 2 | D95: yes | E95: Selection/Rejection | G95: Directive | H95: none | I95: Accepts continuation to the structured-approach theme. | J95: AI drafts that endorsement theme and traceability list. | K95: W2 p39 L13-p39 L13 | L95: W2 p39 L15-p39 L46 | N95: Visible next AI response | P95: =IF(OR(E95="Delegation",ISNUMBER(SEARCH("; Delegation; ","; "&F95&"; "))),1,0) -> 0 | Q95: =IF(OR(E95="Directed delegation",ISNUMBER(SEARCH("; Directed delegation; ","; "&F95&"; "))),1,0) -> 0 | R95: =IF(OR(E95="Evaluation",ISNUMBER(SEARCH("; Evaluation; ","; "&F95&"; "))),1,0) -> 0 | S95: =IF(OR(E95="Correction/Challenge",ISNUMBER(SEARCH("; Correction/Challenge; ","; "&F95&"; "))),1,0) -> 0 | T95: =IF(OR(E95="Redirection",ISNUMBER(SEARCH("; Redirection; ","; "&F95&"; "))),1,0) -> 0 | U95: =IF(OR(E95="Knowledge injection",ISNUMBER(SEARCH("; Knowledge injection; ","; "&F95&"; "))),1,0) -> 0 | V95: =IF(OR(E95="Selection/Rejection",ISNUMBER(SEARCH("; Selection/Rejection; ","; "&F95&"; "))),1,0) -> 1 | W95: =IF(OR(E95="Deliberation",ISNUMBER(SEARCH("; Deliberation; ","; "&F95&"; "))),1,0) -> 0 | X95: =SUM(Paper7Coding[[#This Row],[Subject-matter correction]:[Genre/ writing expertise]]) -> 0 | Y95: =IF(ISNUMBER(SEARCH("; domain correction; ","; "&H95&"; ")),1,0) -> 0 | Z95: =IF(ISNUMBER(SEARCH("; conceptual discrimination; ","; "&H95&"; ")),1,0) -> 0 | AA95: =IF(ISNUMBER(SEARCH("; evidence judgment; ","; "&H95&"; ")),1,0) -> 0 | AB95: =IF(ISNUMBER(SEARCH("; methodological judgment; ","; "&H95&"; ")),1,0) -> 0 | AC95: =IF(ISNUMBER(SEARCH("; argumentative judgment; ","; "&H95&"; ")),1,0) -> 0 | AD95: =IF(ISNUMBER(SEARCH("; genre/writing expertise; ","; "&H95&"; ")),1,0) -> 0 | AE95: =IF(ISNUMBER(SEARCH("; none; ","; "&H95&"; ")),1,0) -> 1
A96: P7-W2-030 | B96: 95 | C96: Writing log 2 | D96: yes | E96: Selection/Rejection | G96: Directive | H96: none | I96: Accepts continuation to the organizational-advantages theme. | J96: AI drafts the final endorsement theme. | K96: W2 p40 L2-p40 L2 | L96: W2 p40 L4-p40 L38 | N96: Visible next AI response | P96: =IF(OR(E96="Delegation",ISNUMBER(SEARCH("; Delegation; ","; "&F96&"; "))),1,0) -> 0 | Q96: =IF(OR(E96="Directed delegation",ISNUMBER(SEARCH("; Directed delegation; ","; "&F96&"; "))),1,0) -> 0 | R96: =IF(OR(E96="Evaluation",ISNUMBER(SEARCH("; Evaluation; ","; "&F96&"; "))),1,0) -> 0 | S96: =IF(OR(E96="Correction/Challenge",ISNUMBER(SEARCH("; Correction/Challenge; ","; "&F96&"; "))),1,0) -> 0 | T96: =IF(OR(E96="Redirection",ISNUMBER(SEARCH("; Redirection; ","; "&F96&"; "))),1,0) -> 0 | U96: =IF(OR(E96="Knowledge injection",ISNUMBER(SEARCH("; Knowledge injection; ","; "&F96&"; "))),1,0) -> 0 | V96: =IF(OR(E96="Selection/Rejection",ISNUMBER(SEARCH("; Selection/Rejection; ","; "&F96&"; "))),1,0) -> 1 | W96: =IF(OR(E96="Deliberation",ISNUMBER(SEARCH("; Deliberation; ","; "&F96&"; "))),1,0) -> 0 | X96: =SUM(Paper7Coding[[#This Row],[Subject-matter correction]:[Genre/ writing expertise]]) -> 0 | Y96: =IF(ISNUMBER(SEARCH("; domain correction; ","; "&H96&"; ")),1,0) -> 0 | Z96: =IF(ISNUMBER(SEARCH("; conceptual discrimination; ","; "&H96&"; ")),1,0) -> 0 | AA96: =IF(ISNUMBER(SEARCH("; evidence judgment; ","; "&H96&"; ")),1,0) -> 0 | AB96: =IF(ISNUMBER(SEARCH("; methodological judgment; ","; "&H96&"; ")),1,0) -> 0 | AC96: =IF(ISNUMBER(SEARCH("; argumentative judgment; ","; "&H96&"; ")),1,0) -> 0 | AD96: =IF(ISNUMBER(SEARCH("; genre/writing expertise; ","; "&H96&"; ")),1,0) -> 0 | AE96: =IF(ISNUMBER(SEARCH("; none; ","; "&H96&"; ")),1,0) -> 1
A97: P7-W2-031 | B97: 96 | C97: Writing log 2 | D97: instead of "standard ", you should say "de-facto standard" | E97: Correction/Challenge | F97: Directed delegation | G97: Critical | H97: domain correction; conceptual discrimination | I97: Qualifies standard as de-facto standard, distinguishing practical adoption from formal standard status. | J97: AI agrees to change the terminology and offers revision. | K97: W2 p40 L40-p40 L40 | L97: W2 p40 L42-p40 L44 | N97: Visible next AI response | P97: =IF(OR(E97="Delegation",ISNUMBER(SEARCH("; Delegation; ","; "&F97&"; "))),1,0) -> 0 | Q97: =IF(OR(E97="Directed delegation",ISNUMBER(SEARCH("; Directed delegation; ","; "&F97&"; "))),1,0) -> 1 | R97: =IF(OR(E97="Evaluation",ISNUMBER(SEARCH("; Evaluation; ","; "&F97&"; "))),1,0) -> 0 | S97: =IF(OR(E97="Correction/Challenge",ISNUMBER(SEARCH("; Correction/Challenge; ","; "&F97&"; "))),1,0) -> 1 | T97: =IF(OR(E97="Redirection",ISNUMBER(SEARCH("; Redirection; ","; "&F97&"; "))),1,0) -> 0 | U97: =IF(OR(E97="Knowledge injection",ISNUMBER(SEARCH("; Knowledge injection; ","; "&F97&"; "))),1,0) -> 0 | V97: =IF(OR(E97="Selection/Rejection",ISNUMBER(SEARCH("; Selection/Rejection; ","; "&F97&"; "))),1,0) -> 0 | W97: =IF(OR(E97="Deliberation",ISNUMBER(SEARCH("; Deliberation; ","; "&F97&"; "))),1,0) -> 0 | X97: =SUM(Paper7Coding[[#This Row],[Subject-matter correction]:[Genre/ writing expertise]]) -> 2 | Y97: =IF(ISNUMBER(SEARCH("; domain correction; ","; "&H97&"; ")),1,0) -> 1 | Z97: =IF(ISNUMBER(SEARCH("; conceptual discrimination; ","; "&H97&"; ")),1,0) -> 1 | AA97: =IF(ISNUMBER(SEARCH("; evidence judgment; ","; "&H97&"; ")),1,0) -> 0 | AB97: =IF(ISNUMBER(SEARCH("; methodological judgment; ","; "&H97&"; ")),1,0) -> 0 | AC97: =IF(ISNUMBER(SEARCH("; argumentative judgment; ","; "&H97&"; ")),1,0) -> 0 | AD97: =IF(ISNUMBER(SEARCH("; genre/writing expertise; ","; "&H97&"; ")),1,0) -> 0 | AE97: =IF(ISNUMBER(SEARCH("; none; ","; "&H97&"; ")),1,0) -> 0
